SNo,Portfolio Name,Leg ID,Exchange,Exchange Symbol,Product,Order Type,Order ID,Time,Txn,Qty,Filled Qty,Exchg Time,Avg Price,Status,Limit Price,Order Failed,User ID,User Alias,Remarks,Tag
1,HDFC BANK CALL BUTTERFLY, 1671,NFO,HDFCBANK 29JUN23 1620 CE,NRML,MARKET,230613000106389,13-Jun-2023 11.18.29,BUY,550,550,01-Jan-0001 00.00.00,19.95,COMPLETE,0,False,50062862,NMEDEL,,10012807
2,HDFC BANK CALL BUTTERFLY, 1671,NFO,HDFCBANK 29JUN23 1620 CE,NRML,MARKET,202010012809,13-Jun-2023 11.18.29,BUY,550,550,13-Jun-2023 11.18.29,20,COMPLETE,0,False,SIM1,SIMULATED1,,10012805
3,HDFC BANK CALL BUTTERFLY, 1669,NFO,HDFCBANK 29JUN23 1580 CE,NRML,MARKET,202010012808,13-Jun-2023 11.18.29,BUY,550,550,13-Jun-2023 11.18.29,43.7,COMPLETE,0,False,SIM1,SIMULATED1,,10012804
4,HDFC BANK CALL BUTTERFLY, 1669,NFO,HDFCBANK 29JUN23 1580 CE,NRML,MARKET,230613000106390,13-Jun-2023 11.18.29,BUY,550,550,01-Jan-0001 00.00.00,43.70,COMPLETE,0,False,50062862,NMEDEL,,10012806
5,HDFC BANK CALL BUTTERFLY, 1670,NFO,HDFCBANK 29JUN23 1600 CE,NRML,MARKET,230613000106396,13-Jun-2023 11.18.30,SELL,550,550,01-Jan-0001 00.00.00,30.60,COMPLETE,0,False,50062862,NMEDEL,,10012815
6,HDFC BANK CALL BUTTERFLY, 1670,NFO,HDFCBANK 29JUN23 1600 CE,NRML,MARKET,202010012816,13-Jun-2023 11.18.30,SELL,550,550,13-Jun-2023 11.18.30,30.6,COMPLETE,0,False,SIM1,SIMULATED1,,10012814
7,HDFC BANK CALL BUTTERFLY, 1671,NFO,HDFCBANK 29JUN23 1620 CE,NRML,MARKET,230613000106412,13-Jun-2023 11.18.34,BUY,550,550,01-Jan-0001 00.00.00,20.00,COMPLETE,0,False,50062862,NMEDEL,,10012821
8,HDFC BANK CALL BUTTERFLY, 1669,NFO,HDFCBANK 29JUN23 1580 CE,NRML,MARKET,230613000106411,13-Jun-2023 11.18.34,BUY,550,550,01-Jan-0001 00.00.00,43.75,COMPLETE,0,False,50062862,NMEDEL,,10012822
9,HDFC BANK CALL BUTTERFLY, 1671,NFO,HDFCBANK 29JUN23 1620 CE,NRML,MARKET,202010012824,13-Jun-2023 11.18.34,BUY,550,550,13-Jun-2023 11.18.34,19.95,COMPLETE,0,False,SIM1,SIMULATED1,,10012820
10,HDFC BANK CALL BUTTERFLY, 1669,NFO,HDFCBANK 29JUN23 1580 CE,NRML,MARKET,202010012819,13-Jun-2023 11.18.34,BUY,550,550,13-Jun-2023 11.18.34,43.75,COMPLETE,0,False,SIM1,SIMULATED1,,10012818
11,HDFC BANK CALL BUTTERFLY, 1670,NFO,HDFCBANK 29JUN23 1600 CE,NRML,MARKET,230613000106418,13-Jun-2023 11.18.35,SELL,550,550,01-Jan-0001 00.00.00,30.60,COMPLETE,0,False,50062862,NMEDEL,,10012826
12,HDFC BANK CALL BUTTERFLY, 1670,NFO,HDFCBANK 29JUN23 1600 CE,NRML,MARKET,202010012828,13-Jun-2023 11.18.35,SELL,550,550,13-Jun-2023 11.18.35,30.6,COMPLETE,0,False,SIM1,SIMULATED1,,10012827
13,HDFC BANK CALL BUTTERFLY, 1671,NFO,HDFCBANK 29JUN23 1620 CE,NRML,MARKET,230613000106439,13-Jun-2023 11.18.39,BUY,550,550,01-Jan-0001 00.00.00,20.00,COMPLETE,0,False,50062862,NMEDEL,,10012835
14,HDFC BANK CALL BUTTERFLY, 1669,NFO,HDFCBANK 29JUN23 1580 CE,NRML,MARKET,230613000106438,13-Jun-2023 11.18.39,BUY,550,550,01-Jan-0001 00.00.00,43.85,COMPLETE,0,False,50062862,NMEDEL,,10012836
15,HDFC BANK CALL BUTTERFLY, 1671,NFO,HDFCBANK 29JUN23 1620 CE,NRML,MARKET,202010012834,13-Jun-2023 11.18.39,BUY,550,550,13-Jun-2023 11.18.39,19.95,COMPLETE,0,False,SIM1,SIMULATED1,,10012831
16,HDFC BANK CALL BUTTERFLY, 1669,NFO,HDFCBANK 29JUN23 1580 CE,NRML,MARKET,202010012832,13-Jun-2023 11.18.39,BUY,550,550,13-Jun-2023 11.18.39,43.75,COMPLETE,0,False,SIM1,SIMULATED1,,10012830
17,HDFC BANK CALL BUTTERFLY, 1670,NFO,HDFCBANK 29JUN23 1600 CE,NRML,MARKET,230613000106452,13-Jun-2023 11.18.40,SELL,550,550,01-Jan-0001 00.00.00,30.65,COMPLETE,0,False,50062862,NMEDEL,,10012838
18,HDFC BANK CALL BUTTERFLY, 1670,NFO,HDFCBANK 29JUN23 1600 CE,NRML,MARKET,202010012840,13-Jun-2023 11.18.40,SELL,550,550,13-Jun-2023 11.18.40,30.6,COMPLETE,0,False,SIM1,SIMULATED1,,10012839
19,HDFC BANK CALL BUTTERFLY, 1671,NFO,HDFCBANK 29JUN23 1620 CE,NRML,MARKET,230613000106478,13-Jun-2023 11.18.44,BUY,550,550,01-Jan-0001 00.00.00,20.05,COMPLETE,0,False,50062862,NMEDEL,,10012848
20,HDFC BANK CALL BUTTERFLY, 1669,NFO,HDFCBANK 29JUN23 1580 CE,NRML,MARKET,230613000106477,13-Jun-2023 11.18.44,BUY,550,550,01-Jan-0001 00.00.00,43.80,COMPLETE,0,False,50062862,NMEDEL,,10012847
21,HDFC BANK CALL BUTTERFLY, 1669,NFO,HDFCBANK 29JUN23 1580 CE,NRML,MARKET,202010012845,13-Jun-2023 11.18.44,BUY,550,550,13-Jun-2023 11.18.44,43.75,COMPLETE,0,False,SIM1,SIMULATED1,,10012843
22,HDFC BANK CALL BUTTERFLY, 1671,NFO,HDFCBANK 29JUN23 1620 CE,NRML,MARKET,202010012844,13-Jun-2023 11.18.44,BUY,550,550,13-Jun-2023 11.18.44,19.95,COMPLETE,0,False,SIM1,SIMULATED1,,10012842
23,HDFC BANK CALL BUTTERFLY, 1670,NFO,HDFCBANK 29JUN23 1600 CE,NRML,MARKET,230613000106483,13-Jun-2023 11.18.45,SELL,550,550,01-Jan-0001 00.00.00,30.60,COMPLETE,0,False,50062862,NMEDEL,,10012850
24,HDFC BANK CALL BUTTERFLY, 1670,NFO,HDFCBANK 29JUN23 1600 CE,NRML,MARKET,202010012852,13-Jun-2023 11.18.45,SELL,550,550,13-Jun-2023 11.18.46,30.6,COMPLETE,0,False,SIM1,SIMULATED1,,10012851
25,HDFC BANK CALL BUTTERFLY, 1671,NFO,HDFCBANK 29JUN23 1620 CE,NRML,MARKET,230613000106514,13-Jun-2023 11.18.49,BUY,550,550,01-Jan-0001 00.00.00,20.05,COMPLETE,0,False,50062862,NMEDEL,,10012859
26,HDFC BANK CALL BUTTERFLY, 1669,NFO,HDFCBANK 29JUN23 1580 CE,NRML,MARKET,230613000106513,13-Jun-2023 11.18.49,BUY,550,550,01-Jan-0001 00.00.00,43.85,COMPLETE,0,False,50062862,NMEDEL,,10012856
27,HDFC BANK CALL BUTTERFLY, 1671,NFO,HDFCBANK 29JUN23 1620 CE,NRML,MARKET,202010012858,13-Jun-2023 11.18.49,BUY,550,550,13-Jun-2023 11.18.49,20.05,COMPLETE,0,False,SIM1,SIMULATED1,,10012855
28,HDFC BANK CALL BUTTERFLY, 1669,NFO,HDFCBANK 29JUN23 1580 CE,NRML,MARKET,202010012857,13-Jun-2023 11.18.49,BUY,550,550,13-Jun-2023 11.18.49,43.85,COMPLETE,0,False,SIM1,SIMULATED1,,10012854
29,HDFC BANK CALL BUTTERFLY, 1670,NFO,HDFCBANK 29JUN23 1600 CE,NRML,MARKET,230613000106523,13-Jun-2023 11.18.51,SELL,550,550,01-Jan-0001 00.00.00,30.65,COMPLETE,0,False,50062862,NMEDEL,,10012862
30,HDFC BANK CALL BUTTERFLY, 1670,NFO,HDFCBANK 29JUN23 1600 CE,NRML,MARKET,202010012864,13-Jun-2023 11.18.51,SELL,550,550,13-Jun-2023 11.18.51,30.6,COMPLETE,0,False,SIM1,SIMULATED1,,10012863
31,HDFC BANK CALL BUTTERFLY, 1671,NFO,HDFCBANK 29JUN23 1620 CE,NRML,MARKET,230613000106550,13-Jun-2023 11.18.54,BUY,550,550,01-Jan-0001 00.00.00,20.10,COMPLETE,0,False,50062862,NMEDEL,,10012869
32,HDFC BANK CALL BUTTERFLY, 1669,NFO,HDFCBANK 29JUN23 1580 CE,NRML,MARKET,230613000106549,13-Jun-2023 11.18.54,BUY,550,550,01-Jan-0001 00.00.00,43.85,COMPLETE,0,False,50062862,NMEDEL,,10012867
33,HDFC BANK CALL BUTTERFLY, 1671,NFO,HDFCBANK 29JUN23 1620 CE,NRML,MARKET,202010012872,13-Jun-2023 11.18.54,BUY,550,550,13-Jun-2023 11.18.54,20.05,COMPLETE,0,False,SIM1,SIMULATED1,,10012868
34,HDFC BANK CALL BUTTERFLY, 1669,NFO,HDFCBANK 29JUN23 1580 CE,NRML,MARKET,202010012870,13-Jun-2023 11.18.54,BUY,550,550,13-Jun-2023 11.18.54,43.85,COMPLETE,0,False,SIM1,SIMULATED1,,10012866
35,HDFC BANK CALL BUTTERFLY, 1670,NFO,HDFCBANK 29JUN23 1600 CE,NRML,MARKET,230613000106562,13-Jun-2023 11.18.56,SELL,550,550,01-Jan-0001 00.00.00,30.70,COMPLETE,0,False,50062862,NMEDEL,,10012874
36,HDFC BANK CALL BUTTERFLY, 1670,NFO,HDFCBANK 29JUN23 1600 CE,NRML,MARKET,202010012876,13-Jun-2023 11.18.56,SELL,550,550,13-Jun-2023 11.18.56,30.6,COMPLETE,0,False,SIM1,SIMULATED1,,10012875
37,HDFC BANK CALL BUTTERFLY, 1671,NFO,HDFCBANK 29JUN23 1620 CE,NRML,MARKET,230613000106579,13-Jun-2023 11.18.59,BUY,550,550,01-Jan-0001 00.00.00,20.10,COMPLETE,0,False,50062862,NMEDEL,,10012884
38,HDFC BANK CALL BUTTERFLY, 1669,NFO,HDFCBANK 29JUN23 1580 CE,NRML,MARKET,230613000106578,13-Jun-2023 11.18.59,BUY,550,550,01-Jan-0001 00.00.00,43.85,COMPLETE,0,False,50062862,NMEDEL,,10012878
39,HDFC BANK CALL BUTTERFLY, 1671,NFO,HDFCBANK 29JUN23 1620 CE,NRML,MARKET,202010012882,13-Jun-2023 11.18.59,BUY,550,550,13-Jun-2023 11.18.59,20.1,COMPLETE,0,False,SIM1,SIMULATED1,,10012880
40,HDFC BANK CALL BUTTERFLY, 1669,NFO,HDFCBANK 29JUN23 1580 CE,NRML,MARKET,202010012881,13-Jun-2023 11.18.59,BUY,550,550,13-Jun-2023 11.18.59,43.85,COMPLETE,0,False,SIM1,SIMULATED1,,10012879
41,HDFC BANK CALL BUTTERFLY, 1670,NFO,HDFCBANK 29JUN23 1600 CE,NRML,MARKET,230613000106592,13-Jun-2023 11.19.01,SELL,550,550,01-Jan-0001 00.00.00,30.60,COMPLETE,0,False,50062862,NMEDEL,,10012886
42,HDFC BANK CALL BUTTERFLY, 1670,NFO,HDFCBANK 29JUN23 1600 CE,NRML,MARKET,202010012888,13-Jun-2023 11.19.01,SELL,550,550,13-Jun-2023 11.19.01,30.65,COMPLETE,0,False,SIM1,SIMULATED1,,10012887
43,HDFC BANK CALL BUTTERFLY, 1671,NFO,HDFCBANK 29JUN23 1620 CE,NRML,MARKET,230613000106614,13-Jun-2023 11.19.04,BUY,550,550,01-Jan-0001 00.00.00,20.05,COMPLETE,0,False,50062862,NMEDEL,,10012893
44,HDFC BANK CALL BUTTERFLY, 1669,NFO,HDFCBANK 29JUN23 1580 CE,NRML,MARKET,230613000106613,13-Jun-2023 11.19.04,BUY,550,550,01-Jan-0001 00.00.00,43.85,COMPLETE,0,False,50062862,NMEDEL,,10012891
45,HDFC BANK CALL BUTTERFLY, 1671,NFO,HDFCBANK 29JUN23 1620 CE,NRML,MARKET,202010012895,13-Jun-2023 11.19.04,BUY,550,550,13-Jun-2023 11.19.04,20.1,COMPLETE,0,False,SIM1,SIMULATED1,,10012892
46,HDFC BANK CALL BUTTERFLY, 1669,NFO,HDFCBANK 29JUN23 1580 CE,NRML,MARKET,202010012894,13-Jun-2023 11.19.04,BUY,550,550,13-Jun-2023 11.19.04,43.85,COMPLETE,0,False,SIM1,SIMULATED1,,10012890
47,HDFC BANK CALL BUTTERFLY, 1670,NFO,HDFCBANK 29JUN23 1600 CE,NRML,MARKET,230613000106623,13-Jun-2023 11.19.06,SELL,550,550,01-Jan-0001 00.00.00,30.60,COMPLETE,0,False,50062862,NMEDEL,,10012898
48,HDFC BANK CALL BUTTERFLY, 1670,NFO,HDFCBANK 29JUN23 1600 CE,NRML,MARKET,202010012900,13-Jun-2023 11.19.06,SELL,550,550,13-Jun-2023 11.19.06,30.6,COMPLETE,0,False,SIM1,SIMULATED1,,10012899
49,HDFC BANK CALL BUTTERFLY, 1669,NFO,HDFCBANK 29JUN23 1580 CE,NRML,MARKET,230613000106646,13-Jun-2023 11.19.09,BUY,550,550,01-Jan-0001 00.00.00,43.85,COMPLETE,0,False,50062862,NMEDEL,,10012905
50,HDFC BANK CALL BUTTERFLY, 1671,NFO,HDFCBANK 29JUN23 1620 CE,NRML,MARKET,230613000106645,13-Jun-2023 11.19.09,BUY,550,550,01-Jan-0001 00.00.00,20.10,COMPLETE,0,False,50062862,NMEDEL,,10012902
51,HDFC BANK CALL BUTTERFLY, 1669,NFO,HDFCBANK 29JUN23 1580 CE,NRML,MARKET,202010012907,13-Jun-2023 11.19.09,BUY,550,550,13-Jun-2023 11.19.09,43.85,COMPLETE,0,False,SIM1,SIMULATED1,,10012904
52,HDFC BANK CALL BUTTERFLY, 1671,NFO,HDFCBANK 29JUN23 1620 CE,NRML,MARKET,202010012906,13-Jun-2023 11.19.09,BUY,550,550,13-Jun-2023 11.19.09,20.1,COMPLETE,0,False,SIM1,SIMULATED1,,10012903
53,HDFC BANK CALL BUTTERFLY, 1670,NFO,HDFCBANK 29JUN23 1600 CE,NRML,MARKET,230613000106661,13-Jun-2023 11.19.11,SELL,550,550,01-Jan-0001 00.00.00,30.60,COMPLETE,0,False,50062862,NMEDEL,,10012910
54,HDFC BANK CALL BUTTERFLY, 1670,NFO,HDFCBANK 29JUN23 1600 CE,NRML,MARKET,202010012912,13-Jun-2023 11.19.11,SELL,550,550,13-Jun-2023 11.19.12,30.6,COMPLETE,0,False,SIM1,SIMULATED1,,10012911
55,HDFC BANK CALL BUTTERFLY, 1669,NFO,HDFCBANK 29JUN23 1580 CE,NRML,MARKET,230613000106677,13-Jun-2023 11.19.14,BUY,550,550,01-Jan-0001 00.00.00,43.85,COMPLETE,0,False,50062862,NMEDEL,,10012914
56,HDFC BANK CALL BUTTERFLY, 1671,NFO,HDFCBANK 29JUN23 1620 CE,NRML,MARKET,230613000106676,13-Jun-2023 11.19.14,BUY,550,550,01-Jan-0001 00.00.00,20.10,COMPLETE,0,False,50062862,NMEDEL,,10012916
57,HDFC BANK CALL BUTTERFLY, 1669,NFO,HDFCBANK 29JUN23 1580 CE,NRML,MARKET,202010012919,13-Jun-2023 11.19.14,BUY,550,550,13-Jun-2023 11.19.14,43.85,COMPLETE,0,False,SIM1,SIMULATED1,,10012917
58,HDFC BANK CALL BUTTERFLY, 1671,NFO,HDFCBANK 29JUN23 1620 CE,NRML,MARKET,202010012918,13-Jun-2023 11.19.14,BUY,550,550,13-Jun-2023 11.19.14,20.1,COMPLETE,0,False,SIM1,SIMULATED1,,10012915
59,HDFC BANK CALL BUTTERFLY, 1670,NFO,HDFCBANK 29JUN23 1600 CE,NRML,MARKET,202010012924,13-Jun-2023 11.19.16,SELL,550,550,13-Jun-2023 11.19.16,30.6,COMPLETE,0,False,SIM1,SIMULATED1,,10012922
60,HDFC BANK CALL BUTTERFLY, 1670,NFO,HDFCBANK 29JUN23 1600 CE,NRML,MARKET,230613000106690,13-Jun-2023 11.19.16,SELL,550,550,01-Jan-0001 00.00.00,30.60,COMPLETE,0,False,50062862,NMEDEL,,10012923
61,HDFC BANK CALL BUTTERFLY, 1670,NFO,HDFCBANK 29JUN23 1600 CE,NRML,MARKET,202010012928,13-Jun-2023 11.19.21,SELL,550,550,13-Jun-2023 11.19.22,30.6,COMPLETE,0,False,SIM1,SIMULATED1,,10012927
62,HDFC BANK CALL BUTTERFLY, 1670,NFO,HDFCBANK 29JUN23 1600 CE,NRML,MARKET,230613000106712,13-Jun-2023 11.19.21,SELL,550,550,01-Jan-0001 00.00.00,30.65,COMPLETE,0,False,50062862,NMEDEL,,10012926
63,HDFC BANK CALL BUTTERFLY, 1670,NFO,HDFCBANK 29JUN23 1600 CE,NRML,MARKET,230613000106748,13-Jun-2023 11.19.27,SELL,550,550,01-Jan-0001 00.00.00,30.55,COMPLETE,0,False,50062862,NMEDEL,,10012930
64,HDFC BANK CALL BUTTERFLY, 1670,NFO,HDFCBANK 29JUN23 1600 CE,NRML,MARKET,202010012932,13-Jun-2023 11.19.27,SELL,550,550,13-Jun-2023 11.19.27,30.6,COMPLETE,0,False,SIM1,SIMULATED1,,10012931
65,HDFC BANK CALL BUTTERFLY, 1670,NFO,HDFCBANK 29JUN23 1600 CE,NRML,MARKET,230613000106776,13-Jun-2023 11.19.32,SELL,550,550,01-Jan-0001 00.00.00,30.60,COMPLETE,0,False,50062862,NMEDEL,,10012935
66,HDFC BANK CALL BUTTERFLY, 1670,NFO,HDFCBANK 29JUN23 1600 CE,NRML,MARKET,202010012936,13-Jun-2023 11.19.32,SELL,550,550,13-Jun-2023 11.19.32,30.6,COMPLETE,0,False,SIM1,SIMULATED1,,10012934
67,HDFC BANK CALL BUTTERFLY, 1670,NFO,HDFCBANK 29JUN23 1600 CE,NRML,MARKET,230613000106811,13-Jun-2023 11.19.37,SELL,550,550,01-Jan-0001 00.00.00,30.70,COMPLETE,0,False,50062862,NMEDEL,,10012938
68,HDFC BANK CALL BUTTERFLY, 1670,NFO,HDFCBANK 29JUN23 1600 CE,NRML,MARKET,202010012940,13-Jun-2023 11.19.37,SELL,550,550,13-Jun-2023 11.19.37,30.6,COMPLETE,0,False,SIM1,SIMULATED1,,10012939
69,HDFC BANK CALL BUTTERFLY, 1670,NFO,HDFCBANK 29JUN23 1600 CE,NRML,MARKET,230613000106834,13-Jun-2023 11.19.42,SELL,550,550,01-Jan-0001 00.00.00,30.65,COMPLETE,0,False,50062862,NMEDEL,,10012942
70,HDFC BANK CALL BUTTERFLY, 1670,NFO,HDFCBANK 29JUN23 1600 CE,NRML,MARKET,202010012944,13-Jun-2023 11.19.42,SELL,550,550,13-Jun-2023 11.19.42,30.6,COMPLETE,0,False,SIM1,SIMULATED1,,10012943
71,HDFC BANK CALL BUTTERFLY, 1670,NFO,HDFCBANK 29JUN23 1600 CE,NRML,MARKET,230613000106867,13-Jun-2023 11.19.47,SELL,550,550,01-Jan-0001 00.00.00,30.65,COMPLETE,0,False,50062862,NMEDEL,,10012946
72,HDFC BANK CALL BUTTERFLY, 1670,NFO,HDFCBANK 29JUN23 1600 CE,NRML,MARKET,202010012948,13-Jun-2023 11.19.47,SELL,550,550,13-Jun-2023 11.19.47,30.65,COMPLETE,0,False,SIM1,SIMULATED1,,10012947
73,HDFC BANK CALL BUTTERFLY, 1670,NFO,HDFCBANK 29JUN23 1600 CE,NRML,MARKET,230613000106886,13-Jun-2023 11.19.52,SELL,550,550,01-Jan-0001 00.00.00,30.65,COMPLETE,0,False,50062862,NMEDEL,,10012951
74,HDFC BANK CALL BUTTERFLY, 1670,NFO,HDFCBANK 29JUN23 1600 CE,NRML,MARKET,202010012952,13-Jun-2023 11.19.52,SELL,550,550,13-Jun-2023 11.19.52,30.6,COMPLETE,0,False,SIM1,SIMULATED1,,10012950
75,HDFC BANK CALL BUTTERFLY, 1670,NFO,HDFCBANK 29JUN23 1600 CE,NRML,MARKET,230613000106915,13-Jun-2023 11.19.57,SELL,550,550,01-Jan-0001 00.00.00,30.60,COMPLETE,0,False,50062862,NMEDEL,,10012955
76,HDFC BANK CALL BUTTERFLY, 1670,NFO,HDFCBANK 29JUN23 1600 CE,NRML,MARKET,202010012956,13-Jun-2023 11.19.57,SELL,550,550,13-Jun-2023 11.19.57,30.6,COMPLETE,0,False,SIM1,SIMULATED1,,10012954
77,HDFC BANK CALL BUTTERFLY, 1670,NFO,HDFCBANK 29JUN23 1600 CE,NRML,MARKET,230613000106951,13-Jun-2023 11.20.02,SELL,550,550,01-Jan-0001 00.00.00,30.60,COMPLETE,0,False,50062862,NMEDEL,,10012959
78,HDFC BANK CALL BUTTERFLY, 1670,NFO,HDFCBANK 29JUN23 1600 CE,NRML,MARKET,202010012960,13-Jun-2023 11.20.02,SELL,550,550,13-Jun-2023 11.20.02,30.6,COMPLETE,0,False,SIM1,SIMULATED1,,10012958
79,HDFC BANK CALL BUTTERFLY, 1670,NFO,HDFCBANK 29JUN23 1600 CE,NRML,MARKET,230613000106985,13-Jun-2023 11.20.07,SELL,550,550,01-Jan-0001 00.00.00,30.55,COMPLETE,0,False,50062862,NMEDEL,,10012963
80,HDFC BANK CALL BUTTERFLY, 1670,NFO,HDFCBANK 29JUN23 1600 CE,NRML,MARKET,202010012964,13-Jun-2023 11.20.07,SELL,550,550,13-Jun-2023 11.20.07,30.55,COMPLETE,0,False,SIM1,SIMULATED1,,10012962
81,NIFTY CALL CALENDAR, 1833,NFO,NIFTY 29JUN23 18800 CE,NRML,MARKET,230619000147539,19-Jun-2023 12.19.20,BUY,1000,1000,01-Jan-0001 00.00.00,155.31,COMPLETE,0,False,50062865,RKEDEL,,10015872
82,NIFTY CALL CALENDAR, 1834,NFO,NIFTY 22JUN23 18800 CE,NRML,MARKET,230619000147548,19-Jun-2023 12.19.21,SELL,1000,1000,01-Jan-0001 00.00.00,84.60,COMPLETE,0,False,50062865,RKEDEL,,10015875
83,NIFTY CALL CALENDAR, 1834,NFO,NIFTY 22JUN23 18800 CE,NRML,MARKET,1200161762,19-Jun-2023 12.19.21,SELL,500,500,01-Jan-0001 00.00.00,84.6,COMPLETE,0,False,ASDE1950,AD1_IIFL,,10015873
84,NIFTY CALL CALENDAR, 1834,NFO,NIFTY 22JUN23 18800 CE,NRML,MARKET,1200161761,19-Jun-2023 12.19.21,SELL,1000,1000,01-Jan-0001 00.00.00,84.65,COMPLETE,0,False,SANG0104,SS3POSIIFL,,10015874
85,NIFTY CALL CALENDAR, 1833,NFO,NIFTY 29JUN23 18800 CE,NRML,MARKET,1200161760,19-Jun-2023 12.19.20,BUY,1000,1000,01-Jan-0001 00.00.00,155.3725,COMPLETE,0,False,SANG0104,SS3POSIIFL,,10015871
86,NIFTY CALL CALENDAR, 1833,NFO,NIFTY 29JUN23 18800 CE,NRML,MARKET,1200161757,19-Jun-2023 12.19.20,BUY,500,500,01-Jan-0001 00.00.00,155.29,COMPLETE,0,False,ASDE1950,AD1_IIFL,,10015870
87,NIFTY PUT CALENDAR, 1835,NFO,NIFTY 29JUN23 18800 PE,NRML,MARKET,230619000147769,19-Jun-2023 12.19.54,BUY,1000,1000,01-Jan-0001 00.00.00,94.00,COMPLETE,0,False,50062865,RKEDEL,,10015878
88,NIFTY PUT CALENDAR, 1835,NFO,NIFTY 29JUN23 18800 PE,NRML,MARKET,1200161861,19-Jun-2023 12.19.54,BUY,1000,1000,01-Jan-0001 00.00.00,94.00,COMPLETE,0,False,SANG0104,SS3POSIIFL,,10015877
89,NIFTY PUT CALENDAR, 1835,NFO,NIFTY 29JUN23 18800 PE,NRML,MARKET,1200161860,19-Jun-2023 12.19.54,BUY,500,500,01-Jan-0001 00.00.00,93.94,COMPLETE,0,False,ASDE1950,AD1_IIFL,,10015876
90,NIFTY PUT CALENDAR, 1836,NFO,NIFTY 22JUN23 18800 PE,NRML,MARKET,230619000147781,19-Jun-2023 12.19.55,SELL,1000,1000,01-Jan-0001 00.00.00,60.10,COMPLETE,0,False,50062865,RKEDEL,,10015880
91,NIFTY PUT CALENDAR, 1836,NFO,NIFTY 22JUN23 18800 PE,NRML,MARKET,1200161883,19-Jun-2023 12.19.55,SELL,500,500,01-Jan-0001 00.00.00,60.1,COMPLETE,0,False,ASDE1950,AD1_IIFL,,10015879
92,NIFTY PUT CALENDAR, 1836,NFO,NIFTY 22JUN23 18800 PE,NRML,MARKET,1200161912,19-Jun-2023 12.19.55,SELL,1000,1000,01-Jan-0001 00.00.00,59.315,COMPLETE,0,False,SANG0104,SS3POSIIFL,,10015881
93,BANK NIFTY IRON FLY, 1845,NFO,BANKNIFTY 22JUN23 43700 CE,NRML,MARKET,230619000190579,19-Jun-2023 13.50.19,BUY,500,500,01-Jan-0001 00.00.00,178.09,COMPLETE,0,False,50062865,RKEDEL,,10015930
94,BANK NIFTY IRON FLY, 1842,NFO,BANKNIFTY 22JUN23 43300 PE,NRML,MARKET,230619000190578,19-Jun-2023 13.50.19,BUY,500,500,01-Jan-0001 00.00.00,109.30,COMPLETE,0,False,50062865,RKEDEL,,10015928
95,BANK NIFTY IRON FLY, 1845,NFO,BANKNIFTY 22JUN23 43700 CE,NRML,MARKET,1200193714,19-Jun-2023 13.50.19,BUY,500,500,01-Jan-0001 00.00.00,178.07,COMPLETE,0,False,SANG0104,SS3POSIIFL,,10015929
96,BANK NIFTY IRON FLY, 1845,NFO,BANKNIFTY 22JUN23 43700 CE,NRML,MARKET,1200193713,19-Jun-2023 13.50.19,BUY,250,250,01-Jan-0001 00.00.00,178.01,COMPLETE,0,False,ASDE1950,AD1_IIFL,,10015927
97,BANK NIFTY IRON FLY, 1842,NFO,BANKNIFTY 22JUN23 43300 PE,NRML,MARKET,1200193712,19-Jun-2023 13.50.19,BUY,500,500,01-Jan-0001 00.00.00,109.33,COMPLETE,0,False,SANG0104,SS3POSIIFL,,10015926
98,BANK NIFTY IRON FLY, 1842,NFO,BANKNIFTY 22JUN23 43300 PE,NRML,MARKET,1200193711,19-Jun-2023 13.50.19,BUY,250,250,01-Jan-0001 00.00.00,109.35,COMPLETE,0,False,ASDE1950,AD1_IIFL,,10015925
99,BANK NIFTY IRON FLY, 1843,NFO,BANKNIFTY 22JUN23 43500 PE,NRML,MARKET,230619000190591,19-Jun-2023 13.50.20,SELL,500,500,01-Jan-0001 00.00.00,171.67,COMPLETE,0,False,50062865,RKEDEL,,10015932
100,BANK NIFTY IRON FLY, 1843,NFO,BANKNIFTY 22JUN23 43500 PE,NRML,MARKET,1200193717,19-Jun-2023 13.50.20,SELL,500,500,01-Jan-0001 00.00.00,171.62,COMPLETE,0,False,SANG0104,SS3POSIIFL,,10015933
101,BANK NIFTY IRON FLY, 1843,NFO,BANKNIFTY 22JUN23 43500 PE,NRML,MARKET,1200193716,19-Jun-2023 13.50.20,SELL,250,250,01-Jan-0001 00.00.00,171.67,COMPLETE,0,False,ASDE1950,AD1_IIFL,,10015931
102,BANK NIFTY IRON FLY, 1844,NFO,BANKNIFTY 22JUN23 43500 CE,NRML,MARKET,230619000190604,19-Jun-2023 13.50.21,SELL,500,500,01-Jan-0001 00.00.00,285.29,COMPLETE,0,False,50062865,RKEDEL,,10015936
103,BANK NIFTY IRON FLY, 1844,NFO,BANKNIFTY 22JUN23 43500 CE,NRML,MARKET,1200193723,19-Jun-2023 13.50.21,SELL,250,250,01-Jan-0001 00.00.00,285.305,COMPLETE,0,False,ASDE1950,AD1_IIFL,,10015934
104,BANK NIFTY IRON FLY, 1844,NFO,BANKNIFTY 22JUN23 43500 CE,NRML,MARKET,1200193722,19-Jun-2023 13.50.21,SELL,500,500,01-Jan-0001 00.00.00,285.425,COMPLETE,0,False,SANG0104,SS3POSIIFL,,10015935
105,NF_CSL_STRANGS, 1847,NFO,NIFTY 22JUN23 18750 CE,MIS,MARKET,1100041231,20-Jun-2023 09.18.11,SELL,300,300,01-Jan-0001 00.00.00,57.45,COMPLETE,0,False,SANG0104,SS3POSIIFL,,10016097
106,NF_CSL_STRANGS, 1847,NFO,NIFTY 22JUN23 18750 CE,MIS,MARKET,230620000019542,20-Jun-2023 09.18.11,SELL,300,300,01-Jan-0001 00.00.00,57.50,COMPLETE,0,False,50062865,RKEDEL,,10016098
107,NF_CSL_STRANGS, 1847,NFO,NIFTY 22JUN23 18750 CE,MIS,MARKET,230620000019543,20-Jun-2023 09.18.11,SELL,300,300,01-Jan-0001 00.00.00,57.50,COMPLETE,0,False,50062862,NMEDEL,,10016099
108,NF_CSL_STRANGS, 1847,NFO,NIFTY 22JUN23 18750 CE,MIS,MARKET,1100041061,20-Jun-2023 09.18.11,SELL,150,150,01-Jan-0001 00.00.00,57.50,COMPLETE,0,False,ASDE1950,AD1_IIFL,,10016100
109,NF_CSL_STRANGS, 1848,NFO,NIFTY 22JUN23 18650 PE,MIS,MARKET,1100041050,20-Jun-2023 09.18.11,SELL,150,150,01-Jan-0001 00.00.00,31.45,COMPLETE,0,False,ASDE1950,AD1_IIFL,,10016101
110,NF_CSL_STRANGS, 1848,NFO,NIFTY 22JUN23 18650 PE,MIS,MARKET,1100041235,20-Jun-2023 09.18.11,SELL,300,300,01-Jan-0001 00.00.00,31.50,COMPLETE,0,False,SANG0104,SS3POSIIFL,,10016102
111,NF_CSL_STRANGS, 1848,NFO,NIFTY 22JUN23 18650 PE,MIS,MARKET,230620000019545,20-Jun-2023 09.18.11,SELL,300,300,01-Jan-0001 00.00.00,31.45,COMPLETE,0,False,50062862,NMEDEL,,10016103
112,NF_CSL_STRANGS, 1848,NFO,NIFTY 22JUN23 18650 PE,MIS,MARKET,230620000019547,20-Jun-2023 09.18.11,SELL,300,300,01-Jan-0001 00.00.00,31.45,COMPLETE,0,False,50062865,RKEDEL,,10016104
113,NF_CSL_STRANGS, 1849,NFO,NIFTY 22JUN23 18800 CE,MIS,MARKET,1100041067,20-Jun-2023 09.18.11,SELL,150,150,01-Jan-0001 00.00.00,36.45,COMPLETE,0,False,ASDE1950,AD1_IIFL,,10016105
114,NF_CSL_STRANGS, 1849,NFO,NIFTY 22JUN23 18800 CE,MIS,MARKET,230620000019544,20-Jun-2023 09.18.11,SELL,300,300,01-Jan-0001 00.00.00,36.40,COMPLETE,0,False,50062862,NMEDEL,,10016106
115,NF_CSL_STRANGS, 1849,NFO,NIFTY 22JUN23 18800 CE,MIS,MARKET,1100041240,20-Jun-2023 09.18.11,SELL,300,300,01-Jan-0001 00.00.00,36.35,COMPLETE,0,False,SANG0104,SS3POSIIFL,,10016107
116,NF_CSL_STRANGS, 1849,NFO,NIFTY 22JUN23 18800 CE,MIS,MARKET,230620000019540,20-Jun-2023 09.18.11,SELL,300,300,01-Jan-0001 00.00.00,36.43,COMPLETE,0,False,50062865,RKEDEL,,10016108
117,NF_CSL_STRANGS, 1850,NFO,NIFTY 22JUN23 18600 PE,MIS,MARKET,1100041092,20-Jun-2023 09.18.11,SELL,150,150,01-Jan-0001 00.00.00,20.5,COMPLETE,0,False,ASDE1950,AD1_IIFL,,10016109
118,NF_CSL_STRANGS, 1850,NFO,NIFTY 22JUN23 18600 PE,MIS,MARKET,230620000019548,20-Jun-2023 09.18.11,SELL,300,300,01-Jan-0001 00.00.00,20.50,COMPLETE,0,False,50062865,RKEDEL,,10016110
119,NF_CSL_STRANGS, 1850,NFO,NIFTY 22JUN23 18600 PE,MIS,MARKET,230620000019549,20-Jun-2023 09.18.11,SELL,300,300,01-Jan-0001 00.00.00,20.50,COMPLETE,0,False,50062862,NMEDEL,,10016111
120,NF_CSL_STRANGS, 1850,NFO,NIFTY 22JUN23 18600 PE,MIS,MARKET,1100041236,20-Jun-2023 09.18.11,SELL,300,300,01-Jan-0001 00.00.00,20.53,COMPLETE,0,False,SANG0104,SS3POSIIFL,,10016112
121,NF_70PCT, 1851,NFO,NIFTY 22JUN23 18700 CE,MIS,MARKET,230620000019606,20-Jun-2023 09.18.13,SELL,300,300,01-Jan-0001 00.00.00,86.00,COMPLETE,0,False,50062865,RKEDEL,,10016113
122,NF_70PCT, 1851,NFO,NIFTY 22JUN23 18700 CE,MIS,MARKET,1100041292,20-Jun-2023 09.18.13,SELL,150,150,01-Jan-0001 00.00.00,85.90,COMPLETE,0,False,ASDE1950,AD1_IIFL,,10016114
123,NF_70PCT, 1852,NFO,NIFTY 22JUN23 18700 PE,MIS,MARKET,230620000019605,20-Jun-2023 09.18.13,SELL,300,300,01-Jan-0001 00.00.00,47.70,COMPLETE,0,False,50062865,RKEDEL,,10016115
124,NF_70PCT, 1852,NFO,NIFTY 22JUN23 18700 PE,MIS,MARKET,1100041291,20-Jun-2023 09.18.13,SELL,150,150,01-Jan-0001 00.00.00,47.70,COMPLETE,0,False,ASDE1950,AD1_IIFL,,10016116
125,NF_70PCT, 1851,NFO,NIFTY 22JUN23 18700 CE,MIS,MARKET,1100041275,20-Jun-2023 09.18.13,SELL,300,300,01-Jan-0001 00.00.00,85.90833333333333,COMPLETE,0,False,SANG0104,SS3POSIIFL,,10016117
126,NF_70PCT, 1851,NFO,NIFTY 22JUN23 18700 CE,MIS,MARKET,230620000019608,20-Jun-2023 09.18.13,SELL,300,300,01-Jan-0001 00.00.00,85.90,COMPLETE,0,False,50062862,NMEDEL,,10016118
127,NF_70PCT, 1852,NFO,NIFTY 22JUN23 18700 PE,MIS,MARKET,1100041276,20-Jun-2023 09.18.13,SELL,300,300,01-Jan-0001 00.00.00,47.65,COMPLETE,0,False,SANG0104,SS3POSIIFL,,10016119
128,NF_70PCT, 1852,NFO,NIFTY 22JUN23 18700 PE,MIS,MARKET,230620000019609,20-Jun-2023 09.18.13,SELL,300,300,01-Jan-0001 00.00.00,47.65,COMPLETE,0,False,50062862,NMEDEL,,10016120
129,BNF_CSL_STRANGS, 1853,NFO,BANKNIFTY 22JUN23 43600 CE,MIS,MARKET,1100041486,20-Jun-2023 09.18.18,SELL,75,75,01-Jan-0001 00.00.00,179.2,COMPLETE,0,False,ASDE1950,AD1_IIFL,,10016121
130,BNF_CSL_STRANGS, 1853,NFO,BANKNIFTY 22JUN23 43600 CE,MIS,MARKET,230620000019831,20-Jun-2023 09.18.18,SELL,150,150,01-Jan-0001 00.00.00,179.15,COMPLETE,0,False,50062862,NMEDEL,,10016122
131,BNF_CSL_STRANGS, 1853,NFO,BANKNIFTY 22JUN23 43600 CE,MIS,MARKET,1100041487,20-Jun-2023 09.18.18,SELL,150,150,01-Jan-0001 00.00.00,179.16666666666666,COMPLETE,0,False,SANG0104,SS3POSIIFL,,10016123
132,BNF_CSL_STRANGS, 1853,NFO,BANKNIFTY 22JUN23 43600 CE,MIS,MARKET,230620000019832,20-Jun-2023 09.18.18,SELL,150,150,01-Jan-0001 00.00.00,179.10,COMPLETE,0,False,50062865,RKEDEL,,10016124
133,BNF_CSL_STRANGS, 1854,NFO,BANKNIFTY 22JUN23 43400 PE,MIS,MARKET,1100041488,20-Jun-2023 09.18.18,SELL,75,75,01-Jan-0001 00.00.00,120.75,COMPLETE,0,False,ASDE1950,AD1_IIFL,,10016125
134,BNF_CSL_STRANGS, 1854,NFO,BANKNIFTY 22JUN23 43400 PE,MIS,MARKET,1100041489,20-Jun-2023 09.18.18,SELL,150,150,01-Jan-0001 00.00.00,120.75,COMPLETE,0,False,SANG0104,SS3POSIIFL,,10016126
135,BNF_CSL_STRANGS, 1854,NFO,BANKNIFTY 22JUN23 43400 PE,MIS,MARKET,230620000019838,20-Jun-2023 09.18.18,SELL,150,150,01-Jan-0001 00.00.00,120.80,COMPLETE,0,False,50062862,NMEDEL,,10016127
136,BNF_CSL_STRANGS, 1854,NFO,BANKNIFTY 22JUN23 43400 PE,MIS,MARKET,230620000019839,20-Jun-2023 09.18.18,SELL,150,150,01-Jan-0001 00.00.00,120.80,COMPLETE,0,False,50062865,RKEDEL,,10016128
137,BNF_CSL_STRANGS, 1855,NFO,BANKNIFTY 22JUN23 43700 CE,MIS,MARKET,1100041491,20-Jun-2023 09.18.18,SELL,150,150,01-Jan-0001 00.00.00,134.975,COMPLETE,0,False,SANG0104,SS3POSIIFL,,10016129
138,BNF_CSL_STRANGS, 1855,NFO,BANKNIFTY 22JUN23 43700 CE,MIS,MARKET,1100041492,20-Jun-2023 09.18.18,SELL,75,75,01-Jan-0001 00.00.00,134.91666666666666,COMPLETE,0,False,ASDE1950,AD1_IIFL,,10016130
139,BNF_CSL_STRANGS, 1855,NFO,BANKNIFTY 22JUN23 43700 CE,MIS,MARKET,230620000019842,20-Jun-2023 09.18.18,SELL,150,150,01-Jan-0001 00.00.00,134.89,COMPLETE,0,False,50062862,NMEDEL,,10016131
140,BNF_CSL_STRANGS, 1855,NFO,BANKNIFTY 22JUN23 43700 CE,MIS,MARKET,230620000019843,20-Jun-2023 09.18.18,SELL,150,150,01-Jan-0001 00.00.00,134.78,COMPLETE,0,False,50062865,RKEDEL,,10016132
141,BNF_CSL_STRANGS, 1856,NFO,BANKNIFTY 22JUN23 43300 PE,MIS,MARKET,1100041493,20-Jun-2023 09.18.18,SELL,75,75,01-Jan-0001 00.00.00,91.16666666666667,COMPLETE,0,False,ASDE1950,AD1_IIFL,,10016133
142,BNF_CSL_STRANGS, 1856,NFO,BANKNIFTY 22JUN23 43300 PE,MIS,MARKET,1100041495,20-Jun-2023 09.18.18,SELL,150,150,01-Jan-0001 00.00.00,91.01666666666667,COMPLETE,0,False,SANG0104,SS3POSIIFL,,10016134
143,BNF_CSL_STRANGS, 1856,NFO,BANKNIFTY 22JUN23 43300 PE,MIS,MARKET,230620000019845,20-Jun-2023 09.18.18,SELL,150,150,01-Jan-0001 00.00.00,91.10,COMPLETE,0,False,50062862,NMEDEL,,10016135
144,BNF_CSL_STRANGS, 1856,NFO,BANKNIFTY 22JUN23 43300 PE,MIS,MARKET,230620000019847,20-Jun-2023 09.18.18,SELL,150,150,01-Jan-0001 00.00.00,91.08,COMPLETE,0,False,50062865,RKEDEL,,10016136
145,BNF_70PCT, 1857,NFO,BANKNIFTY 22JUN23 43500 CE,MIS,MARKET,1100041544,20-Jun-2023 09.18.21,SELL,75,75,01-Jan-0001 00.00.00,232.03333333333333,COMPLETE,0,False,ASDE1950,AD1_IIFL,,10016137
146,BNF_70PCT, 1857,NFO,BANKNIFTY 22JUN23 43500 CE,MIS,MARKET,230620000020002,20-Jun-2023 09.18.21,SELL,150,150,01-Jan-0001 00.00.00,232.13,COMPLETE,0,False,50062865,RKEDEL,,10016138
147,BNF_70PCT, 1858,NFO,BANKNIFTY 22JUN23 43500 PE,MIS,MARKET,1100041543,20-Jun-2023 09.18.21,SELL,75,75,01-Jan-0001 00.00.00,158.15,COMPLETE,0,False,ASDE1950,AD1_IIFL,,10016139
148,BNF_70PCT, 1857,NFO,BANKNIFTY 22JUN23 43500 CE,MIS,MARKET,230620000019998,20-Jun-2023 09.18.21,SELL,150,150,01-Jan-0001 00.00.00,231.98,COMPLETE,0,False,50062862,NMEDEL,,10016140
149,BNF_70PCT, 1857,NFO,BANKNIFTY 22JUN23 43500 CE,MIS,MARKET,1100041546,20-Jun-2023 09.18.21,SELL,150,150,01-Jan-0001 00.00.00,231.825,COMPLETE,0,False,SANG0104,SS3POSIIFL,,10016141
150,BNF_70PCT, 1858,NFO,BANKNIFTY 22JUN23 43500 PE,MIS,MARKET,230620000020001,20-Jun-2023 09.18.21,SELL,150,150,01-Jan-0001 00.00.00,158.10,COMPLETE,0,False,50062862,NMEDEL,,10016142
151,BNF_70PCT, 1858,NFO,BANKNIFTY 22JUN23 43500 PE,MIS,MARKET,1100041545,20-Jun-2023 09.18.21,SELL,150,150,01-Jan-0001 00.00.00,158.14166666666668,COMPLETE,0,False,SANG0104,SS3POSIIFL,,10016143
152,BNF_70PCT, 1858,NFO,BANKNIFTY 22JUN23 43500 PE,MIS,MARKET,230620000020000,20-Jun-2023 09.18.21,SELL,150,150,01-Jan-0001 00.00.00,158.22,COMPLETE,0,False,50062865,RKEDEL,,10016144
153,BNF_CP_2RE, 1859,NFO,BANKNIFTY 22JUN23 43800 CE,MIS,MARKET,1100041714,20-Jun-2023 09.18.32,SELL,75,75,01-Jan-0001 00.00.00,97.7,COMPLETE,0,False,ASDE1950,AD1_IIFL,Stoploss at 136.80 Hit on LTP 138.15 for Leg: BANKNIFTY 22JUN23 43800 CE; ,10016145
154,BNF_CP_2RE, 1860,NFO,BANKNIFTY 22JUN23 43400 PE,MIS,MARKET,1100041715,20-Jun-2023 09.18.32,SELL,75,75,01-Jan-0001 00.00.00,125.4,COMPLETE,0,False,ASDE1950,AD1_IIFL,Stoploss at 175.55 Hit on LTP 182.25 for Leg: BANKNIFTY 22JUN23 43400 PE; ,10016147
155,BNF_CP_2RE, 1859,NFO,BANKNIFTY 22JUN23 43800 CE,MIS,MARKET,230620000020434,20-Jun-2023 09.18.32,SELL,100,100,01-Jan-0001 00.00.00,97.70,COMPLETE,0,False,50062865,RKEDEL,Stoploss at 136.10 Hit on LTP 138.15 for Leg: BANKNIFTY 22JUN23 43800 CE; ,10016152
156,BNF_CP_2RE, 1860,NFO,BANKNIFTY 22JUN23 43400 PE,MIS,MARKET,230620000020435,20-Jun-2023 09.18.32,SELL,100,100,01-Jan-0001 00.00.00,125.35,COMPLETE,0,False,50062865,RKEDEL,Stoploss at 177.30 Hit on LTP 184.55 for Leg: BANKNIFTY 22JUN23 43400 PE; ,10016153
157,BNF_CP_2RE, 1859,NFO,BANKNIFTY 22JUN23 43800 CE,MIS,MARKET,1100041717,20-Jun-2023 09.18.32,SELL,100,100,01-Jan-0001 00.00.00,97.6,COMPLETE,0,False,SANG0104,SS3POSIIFL,Stoploss at 136.25 Hit on LTP 138.15 for Leg: BANKNIFTY 22JUN23 43800 CE; ,10016155
158,BNF_CP_2RE, 1859,NFO,BANKNIFTY 22JUN23 43800 CE,MIS,MARKET,230620000020436,20-Jun-2023 09.18.32,SELL,100,100,01-Jan-0001 00.00.00,97.53,COMPLETE,0,False,50062862,NMEDEL,Stoploss at 135.90 Hit on LTP 138.15 for Leg: BANKNIFTY 22JUN23 43800 CE; ,10016156
159,BNF_CP_2RE, 1860,NFO,BANKNIFTY 22JUN23 43400 PE,MIS,MARKET,230620000020437,20-Jun-2023 09.18.32,SELL,100,100,01-Jan-0001 00.00.00,125.30,COMPLETE,0,False,50062862,NMEDEL,Stoploss at 177.20 Hit on LTP 178.4 for Leg: BANKNIFTY 22JUN23 43400 PE; ,10016157
160,BNF_CP_2RE, 1860,NFO,BANKNIFTY 22JUN23 43400 PE,MIS,MARKET,1100041716,20-Jun-2023 09.18.32,SELL,100,100,01-Jan-0001 00.00.00,125.175,COMPLETE,0,False,SANG0104,SS3POSIIFL,Stoploss at 176.80 Hit on LTP 182.25 for Leg: BANKNIFTY 22JUN23 43400 PE; ,10016158
161,NF_CP_2RE, 1861,NFO,NIFTY 22JUN23 18750 CE,MIS,MARKET,1100041961,20-Jun-2023 09.18.38,SELL,150,150,01-Jan-0001 00.00.00,53.60,COMPLETE,0,False,ASDE1950,AD1_IIFL,Stoploss at 75.05 Hit on LTP 77.4 for Leg: NIFTY 22JUN23 18750 CE; ,10016159
162,NF_CP_2RE, 1861,NFO,NIFTY 22JUN23 18750 CE,MIS,MARKET,1100041948,20-Jun-2023 09.18.39,SELL,200,200,01-Jan-0001 00.00.00,53.75,COMPLETE,0,False,SANG0104,SS3POSIIFL,Stoploss at 74.85 Hit on LTP 77.4 for Leg: NIFTY 22JUN23 18750 CE; ,10016164
163,NF_CP_2RE, 1862,NFO,NIFTY 22JUN23 18700 PE,MIS,MARKET,1100041949,20-Jun-2023 09.18.39,SELL,150,150,01-Jan-0001 00.00.00,51.50,COMPLETE,0,False,ASDE1950,AD1_IIFL,Stoploss at 72.10 Hit on LTP 74.5 for Leg: NIFTY 22JUN23 18700 PE; ,10016162
164,NF_CP_2RE, 1861,NFO,NIFTY 22JUN23 18750 CE,MIS,MARKET,230620000020674,20-Jun-2023 09.18.39,SELL,200,200,01-Jan-0001 00.00.00,53.77,COMPLETE,0,False,50062865,RKEDEL,Stoploss at 74.90 Hit on LTP 77.4 for Leg: NIFTY 22JUN23 18750 CE; ,10016167
165,NF_CP_2RE, 1862,NFO,NIFTY 22JUN23 18700 PE,MIS,MARKET,230620000020677,20-Jun-2023 09.18.39,SELL,200,200,01-Jan-0001 00.00.00,51.45,COMPLETE,0,False,50062865,RKEDEL,Stoploss at 72.50 Hit on LTP 74.5 for Leg: NIFTY 22JUN23 18700 PE; ,10016168
166,NF_CP_2RE, 1862,NFO,NIFTY 22JUN23 18700 PE,MIS,MARKET,1100041947,20-Jun-2023 09.18.39,SELL,200,200,01-Jan-0001 00.00.00,51.6,COMPLETE,0,False,SANG0104,SS3POSIIFL,Stoploss at 72.75 Hit on LTP 74.6 for Leg: NIFTY 22JUN23 18700 PE; ,10016169
167,NF_CP_2RE, 1861,NFO,NIFTY 22JUN23 18750 CE,MIS,MARKET,230620000020676,20-Jun-2023 09.18.39,SELL,200,200,01-Jan-0001 00.00.00,53.75,COMPLETE,0,False,50062862,NMEDEL,Stoploss at 74.90 Hit on LTP 77.4 for Leg: NIFTY 22JUN23 18750 CE; ,10016171
168,NF_CP_2RE, 1862,NFO,NIFTY 22JUN23 18700 PE,MIS,MARKET,230620000020675,20-Jun-2023 09.18.39,SELL,200,200,01-Jan-0001 00.00.00,51.50,COMPLETE,0,False,50062862,NMEDEL,Stoploss at 72.60 Hit on LTP 74.5 for Leg: NIFTY 22JUN23 18700 PE; ,10016172
169,BNF_25PCT_2RE, 1863,NFO,BANKNIFTY 22JUN23 43500 CE,MIS,MARKET,1100042015,20-Jun-2023 09.18.41,SELL,75,75,01-Jan-0001 00.00.00,223.08,COMPLETE,0,False,ASDE1950,AD1_IIFL,Stoploss at 278.85 Hit on LTP 282.55 for Leg: BANKNIFTY 22JUN23 43500 CE; ,10016174
170,BNF_25PCT_2RE, 1864,NFO,BANKNIFTY 22JUN23 43500 PE,MIS,MARKET,1100042016,20-Jun-2023 09.18.41,SELL,75,75,01-Jan-0001 00.00.00,169.38,COMPLETE,0,False,ASDE1950,AD1_IIFL,Stoploss at 211.70 Hit on LTP 222.1 for Leg: BANKNIFTY 22JUN23 43500 PE; ,10016178
171,BNF_25PCT_2RE, 1863,NFO,BANKNIFTY 22JUN23 43500 CE,MIS,MARKET,1100042017,20-Jun-2023 09.18.41,SELL,100,100,01-Jan-0001 00.00.00,223.45,COMPLETE,0,False,SANG0104,SS3POSIIFL,,10016179
172,BNF_25PCT_2RE, 1863,NFO,BANKNIFTY 22JUN23 43500 CE,MIS,MARKET,230620000020768,20-Jun-2023 09.18.41,SELL,100,100,01-Jan-0001 00.00.00,223.09,COMPLETE,0,False,50062865,RKEDEL,,10016180
173,BNF_25PCT_2RE, 1863,NFO,BANKNIFTY 22JUN23 43500 CE,MIS,MARKET,230620000020770,20-Jun-2023 09.18.41,SELL,100,100,01-Jan-0001 00.00.00,223.00,COMPLETE,0,False,50062862,NMEDEL,,10016182
174,BNF_25PCT_2RE, 1864,NFO,BANKNIFTY 22JUN23 43500 PE,MIS,MARKET,230620000020767,20-Jun-2023 09.18.41,SELL,100,100,01-Jan-0001 00.00.00,169.86,COMPLETE,0,False,50062865,RKEDEL,Stoploss at 211.95 Hit on LTP 222.1 for Leg: BANKNIFTY 22JUN23 43500 PE; ,10016184
175,BNF_25PCT_2RE, 1864,NFO,BANKNIFTY 22JUN23 43500 PE,MIS,MARKET,230620000020769,20-Jun-2023 09.18.41,SELL,100,100,01-Jan-0001 00.00.00,169.68,COMPLETE,0,False,50062862,NMEDEL,Stoploss at 211.80 Hit on LTP 222.1 for Leg: BANKNIFTY 22JUN23 43500 PE; ,10016185
176,BNF_25PCT_2RE, 1864,NFO,BANKNIFTY 22JUN23 43500 PE,MIS,MARKET,1100042018,20-Jun-2023 09.18.41,SELL,100,100,01-Jan-0001 00.00.00,169.30,COMPLETE,0,False,SANG0104,SS3POSIIFL,Stoploss at 211.55 Hit on LTP 222.1 for Leg: BANKNIFTY 22JUN23 43500 PE; ,10016186
177,BNF_CP_2RE, 1860,NFO,BANKNIFTY 22JUN23 43400 PE,MIS,MARKET,230620000020808,20-Jun-2023 09.18.42,SELL,50,50,01-Jan-0001 00.00.00,129.25,COMPLETE,0,False,50062865,RKEDEL,Stoploss at 177.30 Hit on LTP 184.55 for Leg: BANKNIFTY 22JUN23 43400 PE; ,10016187
178,BNF_CP_2RE, 1859,NFO,BANKNIFTY 22JUN23 43800 CE,MIS,MARKET,230620000020809,20-Jun-2023 09.18.42,SELL,50,50,01-Jan-0001 00.00.00,96.25,COMPLETE,0,False,50062865,RKEDEL,Stoploss at 136.10 Hit on LTP 138.15 for Leg: BANKNIFTY 22JUN23 43800 CE; ,10016188
179,BNF_CP_2RE, 1860,NFO,BANKNIFTY 22JUN23 43400 PE,MIS,MARKET,230620000020821,20-Jun-2023 09.18.42,SELL,50,50,01-Jan-0001 00.00.00,129.15,COMPLETE,0,False,50062862,NMEDEL,Stoploss at 177.20 Hit on LTP 178.4 for Leg: BANKNIFTY 22JUN23 43400 PE; ,10016189
180,BNF_CP_2RE, 1859,NFO,BANKNIFTY 22JUN23 43800 CE,MIS,MARKET,1100042142,20-Jun-2023 09.18.42,SELL,50,50,01-Jan-0001 00.00.00,96.75,COMPLETE,0,False,SANG0104,SS3POSIIFL,Stoploss at 136.25 Hit on LTP 138.15 for Leg: BANKNIFTY 22JUN23 43800 CE; ,10016190
181,BNF_CP_2RE, 1860,NFO,BANKNIFTY 22JUN23 43400 PE,MIS,MARKET,1100042143,20-Jun-2023 09.18.42,SELL,50,50,01-Jan-0001 00.00.00,128.48,COMPLETE,0,False,SANG0104,SS3POSIIFL,Stoploss at 176.80 Hit on LTP 182.25 for Leg: BANKNIFTY 22JUN23 43400 PE; ,10016191
182,BNF_CP_2RE, 1859,NFO,BANKNIFTY 22JUN23 43800 CE,MIS,MARKET,230620000020812,20-Jun-2023 09.18.42,SELL,50,50,01-Jan-0001 00.00.00,96.15,COMPLETE,0,False,50062862,NMEDEL,Stoploss at 135.90 Hit on LTP 138.15 for Leg: BANKNIFTY 22JUN23 43800 CE; ,10016192
183,NF_25PCT_2RE, 1865,NFO,NIFTY 22JUN23 18700 CE,MIS,MARKET,1100042203,20-Jun-2023 09.18.47,SELL,150,150,01-Jan-0001 00.00.00,79.50,COMPLETE,0,False,ASDE1950,AD1_IIFL,Stoploss at 99.40 Hit on LTP 101 for Leg: NIFTY 22JUN23 18700 CE; ,10016193
184,NF_25PCT_2RE, 1866,NFO,NIFTY 22JUN23 18700 PE,MIS,MARKET,1100042204,20-Jun-2023 09.18.47,SELL,150,150,01-Jan-0001 00.00.00,53.00,COMPLETE,0,False,ASDE1950,AD1_IIFL,Stoploss at 66.25 Hit on LTP 67.9 for Leg: NIFTY 22JUN23 18700 PE; ,10016196
185,NF_25PCT_2RE, 1865,NFO,NIFTY 22JUN23 18700 CE,MIS,MARKET,230620000021017,20-Jun-2023 09.18.47,SELL,200,200,01-Jan-0001 00.00.00,79.19,COMPLETE,0,False,50062865,RKEDEL,Stoploss at 99.60 Hit on LTP 101 for Leg: NIFTY 22JUN23 18700 CE; ,10016199
186,NF_25PCT_2RE, 1865,NFO,NIFTY 22JUN23 18700 CE,MIS,MARKET,1100042205,20-Jun-2023 09.18.47,SELL,200,200,01-Jan-0001 00.00.00,79.30,COMPLETE,0,False,SANG0104,SS3POSIIFL,Stoploss at 99.70 Hit on LTP 100.35 for Leg: NIFTY 22JUN23 18700 CE; ,10016201
187,NF_25PCT_2RE, 1866,NFO,NIFTY 22JUN23 18700 PE,MIS,MARKET,1100042206,20-Jun-2023 09.18.47,SELL,200,200,01-Jan-0001 00.00.00,53.00,COMPLETE,0,False,SANG0104,SS3POSIIFL,Stoploss at 65.55 Hit on LTP 66.4 for Leg: NIFTY 22JUN23 18700 PE; ,10016203
188,NF_25PCT_2RE, 1865,NFO,NIFTY 22JUN23 18700 CE,MIS,MARKET,230620000021008,20-Jun-2023 09.18.47,SELL,200,200,01-Jan-0001 00.00.00,79.15,COMPLETE,0,False,50062862,NMEDEL,Stoploss at 99.55 Hit on LTP 101 for Leg: NIFTY 22JUN23 18700 CE; ,10016204
189,NF_25PCT_2RE, 1866,NFO,NIFTY 22JUN23 18700 PE,MIS,MARKET,230620000021003,20-Jun-2023 09.18.47,SELL,200,200,01-Jan-0001 00.00.00,53.05,COMPLETE,0,False,50062862,NMEDEL,Stoploss at 65.70 Hit on LTP 66.4 for Leg: NIFTY 22JUN23 18700 PE; ,10016205
190,NF_25PCT_2RE, 1866,NFO,NIFTY 22JUN23 18700 PE,MIS,MARKET,230620000021000,20-Jun-2023 09.18.47,SELL,200,200,01-Jan-0001 00.00.00,53.00,COMPLETE,0,False,50062865,RKEDEL,Stoploss at 65.65 Hit on LTP 66.4 for Leg: NIFTY 22JUN23 18700 PE; ,10016206
191,NF_CP_2RE, 1861,NFO,NIFTY 22JUN23 18750 CE,MIS,MARKET,1100042268,20-Jun-2023 09.18.49,SELL,100,100,01-Jan-0001 00.00.00,52.95,COMPLETE,0,False,SANG0104,SS3POSIIFL,Stoploss at 74.85 Hit on LTP 77.4 for Leg: NIFTY 22JUN23 18750 CE; ,10016207
192,NF_CP_2RE, 1862,NFO,NIFTY 22JUN23 18700 PE,MIS,MARKET,230620000021082,20-Jun-2023 09.18.49,SELL,100,100,01-Jan-0001 00.00.00,52.50,COMPLETE,0,False,50062865,RKEDEL,Stoploss at 72.50 Hit on LTP 74.5 for Leg: NIFTY 22JUN23 18700 PE; ,10016208
193,NF_CP_2RE, 1862,NFO,NIFTY 22JUN23 18700 PE,MIS,MARKET,1100042269,20-Jun-2023 09.18.49,SELL,100,100,01-Jan-0001 00.00.00,52.70,COMPLETE,0,False,SANG0104,SS3POSIIFL,Stoploss at 72.75 Hit on LTP 74.6 for Leg: NIFTY 22JUN23 18700 PE; ,10016209
194,NF_CP_2RE, 1861,NFO,NIFTY 22JUN23 18750 CE,MIS,MARKET,230620000021069,20-Jun-2023 09.18.49,SELL,100,100,01-Jan-0001 00.00.00,52.95,COMPLETE,0,False,50062865,RKEDEL,Stoploss at 74.90 Hit on LTP 77.4 for Leg: NIFTY 22JUN23 18750 CE; ,10016210
195,NF_CP_2RE, 1862,NFO,NIFTY 22JUN23 18700 PE,MIS,MARKET,230620000021078,20-Jun-2023 09.18.49,SELL,100,100,01-Jan-0001 00.00.00,52.55,COMPLETE,0,False,50062862,NMEDEL,Stoploss at 72.60 Hit on LTP 74.5 for Leg: NIFTY 22JUN23 18700 PE; ,10016211
196,NF_CP_2RE, 1861,NFO,NIFTY 22JUN23 18750 CE,MIS,MARKET,230620000021077,20-Jun-2023 09.18.49,SELL,100,100,01-Jan-0001 00.00.00,53.00,COMPLETE,0,False,50062862,NMEDEL,Stoploss at 74.90 Hit on LTP 77.4 for Leg: NIFTY 22JUN23 18750 CE; ,10016212
197,BNF_25PCT_2RE, 1863,NFO,BANKNIFTY 22JUN23 43500 CE,MIS,MARKET,1100042376,20-Jun-2023 09.18.51,SELL,50,50,01-Jan-0001 00.00.00,224.50,COMPLETE,0,False,SANG0104,SS3POSIIFL,,10016213
198,BNF_25PCT_2RE, 1863,NFO,BANKNIFTY 22JUN23 43500 CE,MIS,MARKET,230620000021158,20-Jun-2023 09.18.51,SELL,50,50,01-Jan-0001 00.00.00,224.20,COMPLETE,0,False,50062865,RKEDEL,,10016214
199,BNF_25PCT_2RE, 1864,NFO,BANKNIFTY 22JUN23 43500 PE,MIS,MARKET,230620000021159,20-Jun-2023 09.18.51,SELL,50,50,01-Jan-0001 00.00.00,169.00,COMPLETE,0,False,50062862,NMEDEL,Stoploss at 211.80 Hit on LTP 222.1 for Leg: BANKNIFTY 22JUN23 43500 PE; ,10016215
200,BNF_25PCT_2RE, 1864,NFO,BANKNIFTY 22JUN23 43500 PE,MIS,MARKET,230620000021161,20-Jun-2023 09.18.51,SELL,50,50,01-Jan-0001 00.00.00,169.00,COMPLETE,0,False,50062865,RKEDEL,Stoploss at 211.95 Hit on LTP 222.1 for Leg: BANKNIFTY 22JUN23 43500 PE; ,10016216
201,BNF_25PCT_2RE, 1863,NFO,BANKNIFTY 22JUN23 43500 CE,MIS,MARKET,230620000021160,20-Jun-2023 09.18.51,SELL,50,50,01-Jan-0001 00.00.00,224.40,COMPLETE,0,False,50062862,NMEDEL,,10016217
202,BNF_25PCT_2RE, 1864,NFO,BANKNIFTY 22JUN23 43500 PE,MIS,MARKET,1100042377,20-Jun-2023 09.18.51,SELL,50,50,01-Jan-0001 00.00.00,169.15,COMPLETE,0,False,SANG0104,SS3POSIIFL,Stoploss at 211.55 Hit on LTP 222.1 for Leg: BANKNIFTY 22JUN23 43500 PE; ,10016218
203,NF_25PCT_2RE, 1865,NFO,NIFTY 22JUN23 18700 CE,MIS,MARKET,1100042453,20-Jun-2023 09.18.53,SELL,100,100,01-Jan-0001 00.00.00,80.7,COMPLETE,0,False,SANG0104,SS3POSIIFL,Stoploss at 99.70 Hit on LTP 100.35 for Leg: NIFTY 22JUN23 18700 CE; ,10016219
204,NF_25PCT_2RE, 1865,NFO,NIFTY 22JUN23 18700 CE,MIS,MARKET,230620000021239,20-Jun-2023 09.18.53,SELL,100,100,01-Jan-0001 00.00.00,80.70,COMPLETE,0,False,50062865,RKEDEL,Stoploss at 99.60 Hit on LTP 101 for Leg: NIFTY 22JUN23 18700 CE; ,10016220
205,NF_25PCT_2RE, 1866,NFO,NIFTY 22JUN23 18700 PE,MIS,MARKET,1100042454,20-Jun-2023 09.18.53,SELL,100,100,01-Jan-0001 00.00.00,51.35,COMPLETE,0,False,SANG0104,SS3POSIIFL,Stoploss at 65.55 Hit on LTP 66.4 for Leg: NIFTY 22JUN23 18700 PE; ,10016221
206,NF_25PCT_2RE, 1865,NFO,NIFTY 22JUN23 18700 CE,MIS,MARKET,230620000021240,20-Jun-2023 09.18.53,SELL,100,100,01-Jan-0001 00.00.00,80.65,COMPLETE,0,False,50062862,NMEDEL,Stoploss at 99.55 Hit on LTP 101 for Leg: NIFTY 22JUN23 18700 CE; ,10016222
207,NF_25PCT_2RE, 1866,NFO,NIFTY 22JUN23 18700 PE,MIS,MARKET,230620000021254,20-Jun-2023 09.18.53,SELL,100,100,01-Jan-0001 00.00.00,51.55,COMPLETE,0,False,50062865,RKEDEL,Stoploss at 65.65 Hit on LTP 66.4 for Leg: NIFTY 22JUN23 18700 PE; ,10016223
208,NF_25PCT_2RE, 1866,NFO,NIFTY 22JUN23 18700 PE,MIS,MARKET,230620000021245,20-Jun-2023 09.18.53,SELL,100,100,01-Jan-0001 00.00.00,51.55,COMPLETE,0,False,50062862,NMEDEL,Stoploss at 65.70 Hit on LTP 66.4 for Leg: NIFTY 22JUN23 18700 PE; ,10016224
209,NF_25PCT_2RE, 1866,NFO,NIFTY 22JUN23 18700 PE,MIS,MARKET,1100079466,20-Jun-2023 09.31.46,BUY,300,300,01-Jan-0001 00.00.00,65.54,COMPLETE,0,False,SANG0104,SS3POSIIFL,,10016225
210,NF_25PCT_2RE, 1866,NFO,NIFTY 22JUN23 18700 PE,MIS,MARKET,230620000043651,20-Jun-2023 09.31.46,BUY,300,300,01-Jan-0001 00.00.00,65.70,COMPLETE,0,False,50062865,RKEDEL,,10016226
211,NF_25PCT_2RE, 1866,NFO,NIFTY 22JUN23 18700 PE,MIS,MARKET,230620000043650,20-Jun-2023 09.31.46,BUY,300,300,01-Jan-0001 00.00.00,65.67,COMPLETE,0,False,50062862,NMEDEL,,10016227
212,FINNIFTY EXPIRY TRADE, 1868,NFO,FINNIFTY 20JUN23 19300 PE,NRML,MARKET,1200086452,20-Jun-2023 09.37.41,BUY,400,400,01-Jan-0001 00.00.00,18.65,COMPLETE,0,False,ASDE1950,AD1_IIFL,,10016228
213,FINNIFTY EXPIRY TRADE, 1868,NFO,FINNIFTY 20JUN23 19300 PE,NRML,MARKET,1200086454,20-Jun-2023 09.37.41,BUY,800,800,01-Jan-0001 00.00.00,18.65,COMPLETE,0,False,SANG0104,SS3POSIIFL,,10016229
214,FINNIFTY EXPIRY TRADE, 1871,NFO,FINNIFTY 20JUN23 19400 CE,NRML,MARKET,1200086456,20-Jun-2023 09.37.41,BUY,400,400,01-Jan-0001 00.00.00,15.25,COMPLETE,0,False,ASDE1950,AD1_IIFL,,10016230
215,FINNIFTY EXPIRY TRADE, 1868,NFO,FINNIFTY 20JUN23 19300 PE,NRML,MARKET,230620000051182,20-Jun-2023 09.37.41,BUY,800,800,01-Jan-0001 00.00.00,18.65,COMPLETE,0,False,50062865,RKEDEL,,10016231
216,FINNIFTY EXPIRY TRADE, 1871,NFO,FINNIFTY 20JUN23 19400 CE,NRML,MARKET,1200086455,20-Jun-2023 09.37.41,BUY,800,800,01-Jan-0001 00.00.00,15.25,COMPLETE,0,False,SANG0104,SS3POSIIFL,,10016232
217,FINNIFTY EXPIRY TRADE, 1871,NFO,FINNIFTY 20JUN23 19400 CE,NRML,MARKET,230620000051184,20-Jun-2023 09.37.41,BUY,800,800,01-Jan-0001 00.00.00,15.25,COMPLETE,0,False,50062865,RKEDEL,,10016233
218,FINNIFTY EXPIRY TRADE, 1869,NFO,FINNIFTY 20JUN23 19350 PE,NRML,MARKET,1200086470,20-Jun-2023 09.37.42,SELL,400,400,01-Jan-0001 00.00.00,39.15,COMPLETE,0,False,ASDE1950,AD1_IIFL,,10016234
219,FINNIFTY EXPIRY TRADE, 1869,NFO,FINNIFTY 20JUN23 19350 PE,NRML,MARKET,1200086469,20-Jun-2023 09.37.42,SELL,800,800,01-Jan-0001 00.00.00,39.15,COMPLETE,0,False,SANG0104,SS3POSIIFL,,10016235
220,FINNIFTY EXPIRY TRADE, 1869,NFO,FINNIFTY 20JUN23 19350 PE,NRML,MARKET,230620000051207,20-Jun-2023 09.37.42,SELL,800,800,01-Jan-0001 00.00.00,39.16,COMPLETE,0,False,50062865,RKEDEL,,10016236
221,FINNIFTY EXPIRY TRADE, 1870,NFO,FINNIFTY 20JUN23 19350 CE,NRML,MARKET,1200086474,20-Jun-2023 09.37.43,SELL,400,400,01-Jan-0001 00.00.00,33.05,COMPLETE,0,False,ASDE1950,AD1_IIFL,,10016237
222,FINNIFTY EXPIRY TRADE, 1870,NFO,FINNIFTY 20JUN23 19350 CE,NRML,MARKET,230620000051223,20-Jun-2023 09.37.43,SELL,800,800,01-Jan-0001 00.00.00,33.00,COMPLETE,0,False,50062865,RKEDEL,,10016238
223,FINNIFTY EXPIRY TRADE, 1870,NFO,FINNIFTY 20JUN23 19350 CE,NRML,MARKET,1200086473,20-Jun-2023 09.37.43,SELL,800,800,01-Jan-0001 00.00.00,33.10,COMPLETE,0,False,SANG0104,SS3POSIIFL,,10016239
224,BNF_25PCT_2RE, 1864,NFO,BANKNIFTY 22JUN23 43500 PE,MIS,MARKET,1100118724,20-Jun-2023 10.27.04,BUY,75,75,01-Jan-0001 00.00.00,217.10,COMPLETE,0,False,ASDE1950,AD1_IIFL,,10016240
225,BNF_25PCT_2RE, 1864,NFO,BANKNIFTY 22JUN23 43500 PE,MIS,MARKET,230620000092246,20-Jun-2023 10.27.04,BUY,150,150,01-Jan-0001 00.00.00,218.65,COMPLETE,0,False,50062865,RKEDEL,,10016241
226,BNF_25PCT_2RE, 1864,NFO,BANKNIFTY 22JUN23 43500 PE,MIS,MARKET,1100118669,20-Jun-2023 10.27.04,BUY,150,150,01-Jan-0001 00.00.00,218.75,COMPLETE,0,False,SANG0104,SS3POSIIFL,,10016242
227,BNF_25PCT_2RE, 1864,NFO,BANKNIFTY 22JUN23 43500 PE,MIS,MARKET,230620000092249,20-Jun-2023 10.27.04,BUY,150,150,01-Jan-0001 00.00.00,218.26,COMPLETE,0,False,50062862,NMEDEL,,10016243
228,NF_25PCT_2RE, 1866,NFO,NIFTY 22JUN23 18700 PE,MIS,MARKET,1100125355,20-Jun-2023 10.29.32,BUY,150,150,01-Jan-0001 00.00.00,67.55,COMPLETE,0,False,ASDE1950,AD1_IIFL,,10016244
229,BNF_CP_2RE, 1860,NFO,BANKNIFTY 22JUN23 43400 PE,MIS,MARKET,1100125898,20-Jun-2023 10.29.45,BUY,150,150,01-Jan-0001 00.00.00,183.40,COMPLETE,0,False,SANG0104,SS3POSIIFL,,10016245
230,BNF_CP_2RE, 1860,NFO,BANKNIFTY 22JUN23 43400 PE,MIS,MARKET,1100125897,20-Jun-2023 10.29.45,BUY,75,75,01-Jan-0001 00.00.00,183.40,COMPLETE,0,False,ASDE1950,AD1_IIFL,,10016246
231,BNF_CP_2RE, 1860,NFO,BANKNIFTY 22JUN23 43400 PE,MIS,MARKET,230620000094798,20-Jun-2023 10.29.46,BUY,150,150,01-Jan-0001 00.00.00,184.76,COMPLETE,0,False,50062862,NMEDEL,,10016247
232,BNF_CP_2RE, 1860,NFO,BANKNIFTY 22JUN23 43400 PE,MIS,MARKET,230620000094821,20-Jun-2023 10.29.48,BUY,150,150,20-Jun-2023 10.29.48,186.70,COMPLETE,0,False,50062865,RKEDEL,,10016248
233,NF_CP_2RE, 1862,NFO,NIFTY 22JUN23 18700 PE,MIS,MARKET,230620000096385,20-Jun-2023 10.30.52,BUY,300,300,01-Jan-0001 00.00.00,73.55,COMPLETE,0,False,50062865,RKEDEL,,10016249
234,NF_CP_2RE, 1862,NFO,NIFTY 22JUN23 18700 PE,MIS,MARKET,1100129896,20-Jun-2023 10.30.52,BUY,150,150,01-Jan-0001 00.00.00,73.7,COMPLETE,0,False,ASDE1950,AD1_IIFL,,10016250
235,NF_CP_2RE, 1862,NFO,NIFTY 22JUN23 18700 PE,MIS,MARKET,230620000096384,20-Jun-2023 10.30.52,BUY,300,300,01-Jan-0001 00.00.00,73.55,COMPLETE,0,False,50062862,NMEDEL,,10016251
236,NF_CP_2RE, 1862,NFO,NIFTY 22JUN23 18700 PE,MIS,MARKET,1100129932,20-Jun-2023 10.30.55,BUY,300,300,01-Jan-0001 00.00.00,73.2,COMPLETE,0,False,SANG0104,SS3POSIIFL,,10016252
237,NIFTY CALL CALENDAR, 1875,NFO,NIFTY 22JUN23 18850 CE,NRML,MARKET,1200134032,20-Jun-2023 10.39.39,SELL,500,500,01-Jan-0001 00.00.00,12.85,COMPLETE,0,False,ASDE1950,AD1_IIFL,,10016253
238,NIFTY CALL CALENDAR, 1875,NFO,NIFTY 22JUN23 18850 CE,NRML,MARKET,230620000102648,20-Jun-2023 10.39.39,SELL,1000,1000,01-Jan-0001 00.00.00,12.85,COMPLETE,0,False,50062865,RKEDEL,,10016254
239,NIFTY CALL CALENDAR, 1875,NFO,NIFTY 22JUN23 18850 CE,NRML,MARKET,1200134033,20-Jun-2023 10.39.39,SELL,1000,1000,01-Jan-0001 00.00.00,12.85,COMPLETE,0,False,SANG0104,SS3POSIIFL,,10016255
240,NF_25PCT_2RE, 1867,NFO,NIFTY 22JUN23 18700 PE,MIS,MARKET,1100144242,20-Jun-2023 11.04.01,SELL,150,150,01-Jan-0001 00.00.00,52.70,COMPLETE,0,False,ASDE1950,AD1_IIFL,,10016256
241,NF_25PCT_2RE, 1867,NFO,NIFTY 22JUN23 18700 PE,MIS,MARKET,230620000115253,20-Jun-2023 11.04.19,SELL,200,200,01-Jan-0001 00.00.00,51.55,COMPLETE,0,False,50062865,RKEDEL,,10016258
242,NF_25PCT_2RE, 1867,NFO,NIFTY 22JUN23 18700 PE,MIS,MARKET,1100144765,20-Jun-2023 11.04.19,SELL,200,200,01-Jan-0001 00.00.00,51.60,COMPLETE,0,False,SANG0104,SS3POSIIFL,,10016260
243,NF_25PCT_2RE, 1867,NFO,NIFTY 22JUN23 18700 PE,MIS,MARKET,230620000115256,20-Jun-2023 11.04.19,SELL,200,200,01-Jan-0001 00.00.00,51.50,COMPLETE,0,False,50062862,NMEDEL,,10016262
244,NF_CP_2RE, 1874,NFO,NIFTY 22JUN23 18700 PE,MIS,MARKET,230620000115272,20-Jun-2023 11.04.20,SELL,200,200,01-Jan-0001 00.00.00,51.85,COMPLETE,0,False,50062865,RKEDEL,Leg Target hit at 20.75 Hit on LTP 20.7,10016264
245,NF_CP_2RE, 1874,NFO,NIFTY 22JUN23 18700 PE,MIS,MARKET,230620000115273,20-Jun-2023 11.04.20,SELL,200,200,01-Jan-0001 00.00.00,51.85,COMPLETE,0,False,50062862,NMEDEL,Leg Target hit at 20.75 Hit on LTP 20.7,10016266
246,NF_CP_2RE, 1874,NFO,NIFTY 22JUN23 18700 PE,MIS,MARKET,1100144794,20-Jun-2023 11.04.20,SELL,200,200,01-Jan-0001 00.00.00,51.80,COMPLETE,0,False,SANG0104,SS3POSIIFL,Leg Target hit at 20.70 Hit on LTP 20.7,10016268
247,NF_25PCT_2RE, 1867,NFO,NIFTY 22JUN23 18700 PE,MIS,MARKET,230620000115322,20-Jun-2023 11.04.25,SELL,100,100,01-Jan-0001 00.00.00,52.60,COMPLETE,0,False,50062865,RKEDEL,,10016269
248,NF_25PCT_2RE, 1867,NFO,NIFTY 22JUN23 18700 PE,MIS,MARKET,230620000115323,20-Jun-2023 11.04.25,SELL,100,100,01-Jan-0001 00.00.00,52.60,COMPLETE,0,False,50062862,NMEDEL,,10016270
249,NF_25PCT_2RE, 1867,NFO,NIFTY 22JUN23 18700 PE,MIS,MARKET,1100144853,20-Jun-2023 11.04.25,SELL,100,100,01-Jan-0001 00.00.00,52.65,COMPLETE,0,False,SANG0104,SS3POSIIFL,,10016271
250,NF_CP_2RE, 1874,NFO,NIFTY 22JUN23 18700 PE,MIS,MARKET,230620000115384,20-Jun-2023 11.04.30,SELL,100,100,01-Jan-0001 00.00.00,53.00,COMPLETE,0,False,50062865,RKEDEL,Leg Target hit at 20.75 Hit on LTP 20.7,10016272
251,NF_CP_2RE, 1874,NFO,NIFTY 22JUN23 18700 PE,MIS,MARKET,1100144897,20-Jun-2023 11.04.30,SELL,100,100,01-Jan-0001 00.00.00,53.00,COMPLETE,0,False,SANG0104,SS3POSIIFL,Leg Target hit at 20.70 Hit on LTP 20.7,10016273
252,NF_CP_2RE, 1874,NFO,NIFTY 22JUN23 18700 PE,MIS,MARKET,230620000115383,20-Jun-2023 11.04.30,SELL,100,100,01-Jan-0001 00.00.00,53.00,COMPLETE,0,False,50062862,NMEDEL,Leg Target hit at 20.75 Hit on LTP 20.7,10016274
253,NF_CP_2RE, 1874,NFO,NIFTY 22JUN23 18700 PE,MIS,MARKET,1100145803,20-Jun-2023 11.07.15,SELL,150,150,01-Jan-0001 00.00.00,52.2,COMPLETE,0,False,ASDE1950,AD1_IIFL,Leg Target hit at 20.90 Hit on LTP 20.8,10016275
254,, 1878,NFO,RELIANCE 29JUN23 2520 CE,NRML,LIMIT,230620000155635,20-Jun-2023 12.34.23,BUY,500,500,01-Jan-0001 00.00.00,38.88,COMPLETE,39.00,False,50062862,NMEDEL,,10016289
255,, 1878,NFO,RELIANCE 29JUN23 2520 CE,NRML,LIMIT,202010016291,20-Jun-2023 12.34.23,BUY,500,500,20-Jun-2023 12.34.23,39,COMPLETE,39.00,False,SIM1,SIMULATED1,,10016290
256,, 1880,NFO,RELIANCE 29JUN23 2560 CE,NRML,LIMIT,230620000155634,20-Jun-2023 12.34.23,BUY,500,500,01-Jan-0001 00.00.00,20.00,COMPLETE,20.20,False,50062862,NMEDEL,,10016294
257,, 1880,NFO,RELIANCE 29JUN23 2560 CE,NRML,LIMIT,202010016296,20-Jun-2023 12.34.23,BUY,500,500,20-Jun-2023 12.34.23,20.1,COMPLETE,20.20,False,SIM1,SIMULATED1,,10016295
258,, 1879,NFO,RELIANCE 29JUN23 2540 CE,NRML,LIMIT,230620000155644,20-Jun-2023 12.34.24,SELL,500,500,01-Jan-0001 00.00.00,28.35,COMPLETE,28.25,False,50062862,NMEDEL,,10016300
259,, 1879,NFO,RELIANCE 29JUN23 2540 CE,NRML,LIMIT,202010016302,20-Jun-2023 12.34.24,SELL,500,500,20-Jun-2023 12.34.24,28.35,COMPLETE,28.25,False,SIM1,SIMULATED1,,10016301
260,, 1878,NFO,RELIANCE 29JUN23 2520 CE,NRML,LIMIT,230620000155654,20-Jun-2023 12.34.25,BUY,500,500,01-Jan-0001 00.00.00,38.95,COMPLETE,39.00,False,50062862,NMEDEL,,10016304
261,, 1880,NFO,RELIANCE 29JUN23 2560 CE,NRML,LIMIT,230620000155655,20-Jun-2023 12.34.25,BUY,500,500,01-Jan-0001 00.00.00,20.00,COMPLETE,20.20,False,50062862,NMEDEL,,10016306
262,, 1878,NFO,RELIANCE 29JUN23 2520 CE,NRML,LIMIT,202010016308,20-Jun-2023 12.34.25,BUY,500,500,20-Jun-2023 12.34.25,39,COMPLETE,39.00,False,SIM1,SIMULATED1,,10016305
263,, 1880,NFO,RELIANCE 29JUN23 2560 CE,NRML,LIMIT,202010016309,20-Jun-2023 12.34.25,BUY,500,500,20-Jun-2023 12.34.25,20.1,COMPLETE,20.20,False,SIM1,SIMULATED1,,10016307
264,, 1879,NFO,RELIANCE 29JUN23 2540 CE,NRML,LIMIT,230620000155664,20-Jun-2023 12.34.26,SELL,500,500,01-Jan-0001 00.00.00,28.35,COMPLETE,28.25,False,50062862,NMEDEL,,10016312
265,, 1879,NFO,RELIANCE 29JUN23 2540 CE,NRML,LIMIT,202010016314,20-Jun-2023 12.34.26,SELL,500,500,20-Jun-2023 12.34.26,28.35,COMPLETE,28.25,False,SIM1,SIMULATED1,,10016313
266,, 1880,NFO,RELIANCE 29JUN23 2560 CE,NRML,LIMIT,230620000155669,20-Jun-2023 12.34.27,BUY,500,500,01-Jan-0001 00.00.00,20.08,COMPLETE,20.20,False,50062862,NMEDEL,,10016316
267,, 1878,NFO,RELIANCE 29JUN23 2520 CE,NRML,LIMIT,230620000155670,20-Jun-2023 12.34.27,BUY,500,500,01-Jan-0001 00.00.00,39.00,COMPLETE,39.00,False,50062862,NMEDEL,,10016317
268,, 1878,NFO,RELIANCE 29JUN23 2520 CE,NRML,LIMIT,202010016320,20-Jun-2023 12.34.27,BUY,500,500,20-Jun-2023 12.34.27,39,COMPLETE,39.00,False,SIM1,SIMULATED1,,10016318
269,, 1880,NFO,RELIANCE 29JUN23 2560 CE,NRML,LIMIT,202010016321,20-Jun-2023 12.34.27,BUY,500,500,20-Jun-2023 12.34.27,19.90,COMPLETE,20.20,False,SIM1,SIMULATED1,,10016319
270,, 1879,NFO,RELIANCE 29JUN23 2540 CE,NRML,LIMIT,202010016330,20-Jun-2023 12.34.28,SELL,500,500,20-Jun-2023 12.34.31,28.35,COMPLETE,28.25,False,SIM1,SIMULATED1,,10016324
271,, 1879,NFO,RELIANCE 29JUN23 2540 CE,NRML,LIMIT,230620000155689,20-Jun-2023 12.34.28,SELL,500,500,01-Jan-0001 00.00.00,28.40,COMPLETE,28.25,False,50062862,NMEDEL,,10016325
272,, 1880,NFO,RELIANCE 29JUN23 2560 CE,NRML,LIMIT,230620000155687,20-Jun-2023 12.34.29,BUY,500,500,01-Jan-0001 00.00.00,20.10,COMPLETE,20.20,False,50062862,NMEDEL,,10016326
273,, 1880,NFO,RELIANCE 29JUN23 2560 CE,NRML,LIMIT,202010016331,20-Jun-2023 12.34.29,BUY,500,500,20-Jun-2023 12.34.31,19.90,COMPLETE,20.20,False,SIM1,SIMULATED1,,10016327
274,, 1878,NFO,RELIANCE 29JUN23 2520 CE,NRML,LIMIT,202010016332,20-Jun-2023 12.34.29,BUY,500,500,20-Jun-2023 12.34.31,39,COMPLETE,39.00,False,SIM1,SIMULATED1,,10016328
275,, 1878,NFO,RELIANCE 29JUN23 2520 CE,NRML,LIMIT,230620000155690,20-Jun-2023 12.34.29,BUY,500,500,01-Jan-0001 00.00.00,39.00,COMPLETE,39.00,False,50062862,NMEDEL,,10016329
276,, 1880,NFO,RELIANCE 29JUN23 2560 CE,NRML,LIMIT,202010016342,20-Jun-2023 12.34.33,BUY,500,500,20-Jun-2023 12.34.33,19.90,COMPLETE,20.20,False,SIM1,SIMULATED1,,10016336
277,, 1878,NFO,RELIANCE 29JUN23 2520 CE,NRML,LIMIT,230620000155698,20-Jun-2023 12.34.33,BUY,500,500,01-Jan-0001 00.00.00,39.00,COMPLETE,39.00,False,50062862,NMEDEL,,10016337
278,, 1879,NFO,RELIANCE 29JUN23 2540 CE,NRML,LIMIT,202010016344,20-Jun-2023 12.34.33,SELL,500,500,20-Jun-2023 12.34.33,28.35,COMPLETE,28.25,False,SIM1,SIMULATED1,,10016338
279,, 1878,NFO,RELIANCE 29JUN23 2520 CE,NRML,LIMIT,202010016345,20-Jun-2023 12.34.33,BUY,500,500,20-Jun-2023 12.34.33,39,COMPLETE,39.00,False,SIM1,SIMULATED1,,10016339
280,, 1879,NFO,RELIANCE 29JUN23 2540 CE,NRML,LIMIT,230620000155699,20-Jun-2023 12.34.33,SELL,500,500,01-Jan-0001 00.00.00,28.35,COMPLETE,28.25,False,50062862,NMEDEL,,10016340
281,, 1880,NFO,RELIANCE 29JUN23 2560 CE,NRML,LIMIT,230620000155700,20-Jun-2023 12.34.33,BUY,500,500,01-Jan-0001 00.00.00,20.10,COMPLETE,20.20,False,50062862,NMEDEL,,10016341
282,, 1878,NFO,RELIANCE 29JUN23 2520 CE,NRML,LIMIT,230620000155711,20-Jun-2023 12.34.35,BUY,500,500,01-Jan-0001 00.00.00,39.00,COMPLETE,39.00,False,50062862,NMEDEL,,10016348
283,, 1879,NFO,RELIANCE 29JUN23 2540 CE,NRML,LIMIT,202010016350,20-Jun-2023 12.34.35,SELL,500,500,20-Jun-2023 12.34.35,28.35,COMPLETE,28.25,False,SIM1,SIMULATED1,,10016349
284,, 1879,NFO,RELIANCE 29JUN23 2540 CE,NRML,LIMIT,230620000155712,20-Jun-2023 12.34.35,SELL,500,500,01-Jan-0001 00.00.00,28.40,COMPLETE,28.25,False,50062862,NMEDEL,,10016351
285,, 1880,NFO,RELIANCE 29JUN23 2560 CE,NRML,LIMIT,230620000155713,20-Jun-2023 12.34.35,BUY,500,500,01-Jan-0001 00.00.00,20.10,COMPLETE,20.20,False,50062862,NMEDEL,,10016353
286,, 1878,NFO,RELIANCE 29JUN23 2520 CE,NRML,LIMIT,230620000155724,20-Jun-2023 12.34.37,BUY,500,500,01-Jan-0001 00.00.00,39.00,COMPLETE,39.00,False,50062862,NMEDEL,,10016354
287,, 1879,NFO,RELIANCE 29JUN23 2540 CE,NRML,LIMIT,202010016357,20-Jun-2023 12.34.37,SELL,500,500,20-Jun-2023 12.34.37,28.35,COMPLETE,28.25,False,SIM1,SIMULATED1,,10016355
288,, 1879,NFO,RELIANCE 29JUN23 2540 CE,NRML,LIMIT,230620000155725,20-Jun-2023 12.34.37,SELL,500,500,01-Jan-0001 00.00.00,28.45,COMPLETE,28.25,False,50062862,NMEDEL,,10016356
289,, 1880,NFO,RELIANCE 29JUN23 2560 CE,NRML,LIMIT,230620000155726,20-Jun-2023 12.34.37,BUY,500,500,01-Jan-0001 00.00.00,20.15,COMPLETE,20.20,False,50062862,NMEDEL,,10016359
290,, 1879,NFO,RELIANCE 29JUN23 2540 CE,NRML,LIMIT,230620000155739,20-Jun-2023 12.34.39,SELL,500,500,01-Jan-0001 00.00.00,28.40,COMPLETE,28.25,False,50062862,NMEDEL,,10016360
291,, 1879,NFO,RELIANCE 29JUN23 2540 CE,NRML,LIMIT,202010016363,20-Jun-2023 12.34.39,SELL,500,500,20-Jun-2023 12.34.39,28.35,COMPLETE,28.25,False,SIM1,SIMULATED1,,10016361
292,, 1878,NFO,RELIANCE 29JUN23 2520 CE,NRML,LIMIT,230620000155740,20-Jun-2023 12.34.39,BUY,500,500,01-Jan-0001 00.00.00,39.00,COMPLETE,39.00,False,50062862,NMEDEL,,10016362
293,, 1880,NFO,RELIANCE 29JUN23 2560 CE,NRML,LIMIT,230620000155741,20-Jun-2023 12.34.39,BUY,500,500,01-Jan-0001 00.00.00,20.15,COMPLETE,20.20,False,50062862,NMEDEL,,10016365
294,, 1879,NFO,RELIANCE 29JUN23 2540 CE,NRML,LIMIT,230620000155755,20-Jun-2023 12.34.41,SELL,500,500,01-Jan-0001 00.00.00,28.40,COMPLETE,28.25,False,50062862,NMEDEL,,10016366
295,, 1878,NFO,RELIANCE 29JUN23 2520 CE,NRML,LIMIT,230620000155756,20-Jun-2023 12.34.41,BUY,500,500,01-Jan-0001 00.00.00,39.00,COMPLETE,39.00,False,50062862,NMEDEL,,10016367
296,, 1879,NFO,RELIANCE 29JUN23 2540 CE,NRML,LIMIT,202010016370,20-Jun-2023 12.34.41,SELL,500,500,20-Jun-2023 12.34.41,28.35,COMPLETE,28.25,False,SIM1,SIMULATED1,,10016368
297,, 1880,NFO,RELIANCE 29JUN23 2560 CE,NRML,LIMIT,230620000155754,20-Jun-2023 12.34.41,BUY,500,500,01-Jan-0001 00.00.00,20.10,COMPLETE,20.20,False,50062862,NMEDEL,,10016369
298,, 1879,NFO,RELIANCE 29JUN23 2540 CE,NRML,LIMIT,202010016374,20-Jun-2023 12.34.43,SELL,500,500,20-Jun-2023 12.34.43,28.4,COMPLETE,28.25,False,SIM1,SIMULATED1,,10016372
299,, 1880,NFO,RELIANCE 29JUN23 2560 CE,NRML,LIMIT,230620000155770,20-Jun-2023 12.34.43,BUY,500,500,01-Jan-0001 00.00.00,20.13,COMPLETE,20.20,False,50062862,NMEDEL,,10016373
300,, 1878,NFO,RELIANCE 29JUN23 2520 CE,NRML,LIMIT,230620000155771,20-Jun-2023 12.34.43,BUY,500,500,01-Jan-0001 00.00.00,39.00,COMPLETE,39.00,False,50062862,NMEDEL,,10016375
301,, 1879,NFO,RELIANCE 29JUN23 2540 CE,NRML,LIMIT,230620000155772,20-Jun-2023 12.34.43,SELL,500,500,01-Jan-0001 00.00.00,28.40,COMPLETE,28.25,False,50062862,NMEDEL,,10016376
302,, 1879,NFO,RELIANCE 29JUN23 2540 CE,NRML,LIMIT,202010016379,20-Jun-2023 12.34.45,SELL,500,500,20-Jun-2023 12.34.45,28.4,COMPLETE,28.25,False,SIM1,SIMULATED1,,10016378
303,, 1879,NFO,RELIANCE 29JUN23 2540 CE,NRML,LIMIT,230620000155784,20-Jun-2023 12.34.45,SELL,500,500,01-Jan-0001 00.00.00,28.40,COMPLETE,28.25,False,50062862,NMEDEL,,10016380
304,, 1879,NFO,RELIANCE 29JUN23 2540 CE,NRML,LIMIT,230620000155795,20-Jun-2023 12.34.47,SELL,500,500,01-Jan-0001 00.00.00,28.40,COMPLETE,28.25,False,50062862,NMEDEL,,10016382
305,, 1879,NFO,RELIANCE 29JUN23 2540 CE,NRML,LIMIT,230620000155813,20-Jun-2023 12.34.49,SELL,500,500,01-Jan-0001 00.00.00,28.43,COMPLETE,28.25,False,50062862,NMEDEL,,10016383
306,, 1879,NFO,RELIANCE 29JUN23 2540 CE,NRML,LIMIT,230620000155822,20-Jun-2023 12.34.51,SELL,500,500,01-Jan-0001 00.00.00,28.40,COMPLETE,28.25,False,50062862,NMEDEL,,10016384
307,, 1879,NFO,RELIANCE 29JUN23 2540 CE,NRML,LIMIT,230620000155830,20-Jun-2023 12.34.53,SELL,500,500,01-Jan-0001 00.00.00,28.48,COMPLETE,28.25,False,50062862,NMEDEL,,10016385
308,, 1879,NFO,RELIANCE 29JUN23 2540 CE,NRML,LIMIT,230620000155838,20-Jun-2023 12.34.55,SELL,500,500,01-Jan-0001 00.00.00,28.45,COMPLETE,28.25,False,50062862,NMEDEL,,10016386
309,, 1879,NFO,RELIANCE 29JUN23 2540 CE,NRML,LIMIT,230620000155848,20-Jun-2023 12.34.57,SELL,500,500,01-Jan-0001 00.00.00,28.40,COMPLETE,28.25,False,50062862,NMEDEL,,10016387
310,, 1879,NFO,RELIANCE 29JUN23 2540 CE,NRML,LIMIT,230620000155865,20-Jun-2023 12.34.59,SELL,500,500,01-Jan-0001 00.00.00,28.30,COMPLETE,28.25,False,50062862,NMEDEL,,10016388
311,, 1879,NFO,RELIANCE 29JUN23 2540 CE,NRML,LIMIT,230620000155879,20-Jun-2023 12.35.01,SELL,500,500,01-Jan-0001 00.00.00,28.45,COMPLETE,28.25,False,50062862,NMEDEL,,10016389
312,, 1879,NFO,RELIANCE 29JUN23 2540 CE,NRML,LIMIT,230620000155892,20-Jun-2023 12.35.03,SELL,500,500,01-Jan-0001 00.00.00,28.45,COMPLETE,28.25,False,50062862,NMEDEL,,10016390
313,, 1879,NFO,RELIANCE 29JUN23 2540 CE,NRML,LIMIT,230620000155907,20-Jun-2023 12.35.05,SELL,500,500,01-Jan-0001 00.00.00,28.65,COMPLETE,28.25,False,50062862,NMEDEL,,10016391
314,BNF_CP_2RE, 1873,NFO,BANKNIFTY 22JUN23 43400 PE,MIS,MARKET,230620000164694,20-Jun-2023 12.53.36,SELL,100,100,01-Jan-0001 00.00.00,124.00,COMPLETE,0,False,50062862,NMEDEL,Leg Target hit at 49.60 Hit on LTP 49.5,10016393
315,BNF_CP_2RE, 1873,NFO,BANKNIFTY 22JUN23 43400 PE,MIS,MARKET,230620000164693,20-Jun-2023 12.53.36,SELL,100,100,01-Jan-0001 00.00.00,124.25,COMPLETE,0,False,50062865,RKEDEL,Leg Target hit at 49.70 Hit on LTP 49.5,10016395
316,BNF_25PCT_2RE, 1872,NFO,BANKNIFTY 22JUN23 43500 PE,MIS,MARKET,230620000164705,20-Jun-2023 12.53.37,SELL,100,100,01-Jan-0001 00.00.00,167.24,COMPLETE,0,False,50062865,RKEDEL,,10016398
317,BNF_25PCT_2RE, 1872,NFO,BANKNIFTY 22JUN23 43500 PE,MIS,MARKET,230620000164706,20-Jun-2023 12.53.37,SELL,100,100,01-Jan-0001 00.00.00,167.25,COMPLETE,0,False,50062862,NMEDEL,,10016400
318,BNF_25PCT_2RE, 1872,NFO,BANKNIFTY 22JUN23 43500 PE,MIS,MARKET,1100178515,20-Jun-2023 12.53.37,SELL,75,75,01-Jan-0001 00.00.00,167.25,COMPLETE,0,False,ASDE1950,AD1_IIFL,,10016399
319,BNF_25PCT_2RE, 1872,NFO,BANKNIFTY 22JUN23 43500 PE,MIS,MARKET,1100178527,20-Jun-2023 12.53.37,SELL,100,100,01-Jan-0001 00.00.00,167.55,COMPLETE,0,False,SANG0104,SS3POSIIFL,,10016402
320,BNF_CP_2RE, 1873,NFO,BANKNIFTY 22JUN23 43400 PE,MIS,MARKET,1100178529,20-Jun-2023 12.53.37,SELL,75,75,01-Jan-0001 00.00.00,124.53333333333333,COMPLETE,0,False,ASDE1950,AD1_IIFL,Leg Target hit at 49.80 Hit on LTP 49.5,10016403
321,BNF_CP_2RE, 1873,NFO,BANKNIFTY 22JUN23 43400 PE,MIS,MARKET,1100178534,20-Jun-2023 12.53.37,SELL,100,100,01-Jan-0001 00.00.00,124.7,COMPLETE,0,False,SANG0104,SS3POSIIFL,Leg Target hit at 49.90 Hit on LTP 49.5,10016405
322,BNF_CP_2RE, 1873,NFO,BANKNIFTY 22JUN23 43400 PE,MIS,MARKET,230620000164794,20-Jun-2023 12.53.46,SELL,50,50,01-Jan-0001 00.00.00,127.40,COMPLETE,0,False,50062865,RKEDEL,Leg Target hit at 49.70 Hit on LTP 49.5,10016406
323,BNF_CP_2RE, 1873,NFO,BANKNIFTY 22JUN23 43400 PE,MIS,MARKET,230620000164795,20-Jun-2023 12.53.46,SELL,50,50,01-Jan-0001 00.00.00,127.40,COMPLETE,0,False,50062862,NMEDEL,Leg Target hit at 49.60 Hit on LTP 49.5,10016407
324,BNF_25PCT_2RE, 1872,NFO,BANKNIFTY 22JUN23 43500 PE,MIS,MARKET,230620000164808,20-Jun-2023 12.53.47,SELL,50,50,01-Jan-0001 00.00.00,169.45,COMPLETE,0,False,50062862,NMEDEL,,10016408
325,BNF_25PCT_2RE, 1872,NFO,BANKNIFTY 22JUN23 43500 PE,MIS,MARKET,230620000164809,20-Jun-2023 12.53.47,SELL,50,50,01-Jan-0001 00.00.00,169.35,COMPLETE,0,False,50062865,RKEDEL,,10016409
326,BNF_25PCT_2RE, 1872,NFO,BANKNIFTY 22JUN23 43500 PE,MIS,MARKET,1100178675,20-Jun-2023 12.53.47,SELL,50,50,01-Jan-0001 00.00.00,169.1,COMPLETE,0,False,SANG0104,SS3POSIIFL,,10016410
327,BNF_CP_2RE, 1873,NFO,BANKNIFTY 22JUN23 43400 PE,MIS,MARKET,1100178679,20-Jun-2023 12.53.47,SELL,50,50,01-Jan-0001 00.00.00,126.3,COMPLETE,0,False,SANG0104,SS3POSIIFL,Leg Target hit at 49.90 Hit on LTP 49.5,10016411
328,NF_CSL_STRANGS, 1847,NFO,NIFTY 22JUN23 18750 CE,MIS,MARKET,230620000165757,20-Jun-2023 12.55.11,BUY,300,300,01-Jan-0001 00.00.00,66.50,COMPLETE,0,False,50062865,RKEDEL,,10016412
329,NF_CSL_STRANGS, 1848,NFO,NIFTY 22JUN23 18650 PE,MIS,MARKET,230620000165761,20-Jun-2023 12.55.11,BUY,300,300,01-Jan-0001 00.00.00,21.90,COMPLETE,0,False,50062865,RKEDEL,,10016413
330,NF_CSL_STRANGS, 1849,NFO,NIFTY 22JUN23 18800 CE,MIS,MARKET,230620000165763,20-Jun-2023 12.55.11,BUY,300,300,01-Jan-0001 00.00.00,41.80,COMPLETE,0,False,50062865,RKEDEL,,10016414
331,NF_CSL_STRANGS, 1850,NFO,NIFTY 22JUN23 18600 PE,MIS,MARKET,230620000165765,20-Jun-2023 12.55.11,BUY,300,300,01-Jan-0001 00.00.00,13.80,COMPLETE,0,False,50062865,RKEDEL,,10016415
332,NF_CSL_STRANGS, 1847,NFO,NIFTY 22JUN23 18750 CE,MIS,MARKET,230620000165758,20-Jun-2023 12.55.11,BUY,300,300,01-Jan-0001 00.00.00,66.50,COMPLETE,0,False,50062862,NMEDEL,,10016416
333,NF_CSL_STRANGS, 1848,NFO,NIFTY 22JUN23 18650 PE,MIS,MARKET,230620000165760,20-Jun-2023 12.55.11,BUY,300,300,01-Jan-0001 00.00.00,21.90,COMPLETE,0,False,50062862,NMEDEL,,10016417
334,NF_CSL_STRANGS, 1849,NFO,NIFTY 22JUN23 18800 CE,MIS,MARKET,230620000165762,20-Jun-2023 12.55.11,BUY,300,300,01-Jan-0001 00.00.00,41.75,COMPLETE,0,False,50062862,NMEDEL,,10016418
335,NF_CSL_STRANGS, 1850,NFO,NIFTY 22JUN23 18600 PE,MIS,MARKET,230620000165766,20-Jun-2023 12.55.11,BUY,300,300,01-Jan-0001 00.00.00,13.80,COMPLETE,0,False,50062862,NMEDEL,,10016419
336,NF_CSL_STRANGS, 1847,NFO,NIFTY 22JUN23 18750 CE,MIS,MARKET,1100181401,20-Jun-2023 12.55.11,BUY,150,150,01-Jan-0001 00.00.00,66.15,COMPLETE,0,False,ASDE1950,AD1_IIFL,,10016420
337,NF_CSL_STRANGS, 1848,NFO,NIFTY 22JUN23 18650 PE,MIS,MARKET,1100181399,20-Jun-2023 12.55.11,BUY,150,150,01-Jan-0001 00.00.00,22.05,COMPLETE,0,False,ASDE1950,AD1_IIFL,,10016421
338,NF_CSL_STRANGS, 1849,NFO,NIFTY 22JUN23 18800 CE,MIS,MARKET,1100181400,20-Jun-2023 12.55.11,BUY,150,150,01-Jan-0001 00.00.00,41.6,COMPLETE,0,False,ASDE1950,AD1_IIFL,,10016422
339,NF_CSL_STRANGS, 1850,NFO,NIFTY 22JUN23 18600 PE,MIS,MARKET,1100181403,20-Jun-2023 12.55.11,BUY,150,150,01-Jan-0001 00.00.00,13.9,COMPLETE,0,False,ASDE1950,AD1_IIFL,,10016423
340,NF_CSL_STRANGS, 1847,NFO,NIFTY 22JUN23 18750 CE,MIS,MARKET,1100181248,20-Jun-2023 12.55.11,BUY,300,300,01-Jan-0001 00.00.00,66.45,COMPLETE,0,False,SANG0104,SS3POSIIFL,,10016424
341,NF_CSL_STRANGS, 1848,NFO,NIFTY 22JUN23 18650 PE,MIS,MARKET,1100181257,20-Jun-2023 12.55.11,BUY,300,300,01-Jan-0001 00.00.00,21.90,COMPLETE,0,False,SANG0104,SS3POSIIFL,,10016425
342,NF_CSL_STRANGS, 1849,NFO,NIFTY 22JUN23 18800 CE,MIS,MARKET,1100181261,20-Jun-2023 12.55.11,BUY,300,300,01-Jan-0001 00.00.00,41.80,COMPLETE,0,False,SANG0104,SS3POSIIFL,,10016426
343,NF_CSL_STRANGS, 1850,NFO,NIFTY 22JUN23 18600 PE,MIS,MARKET,1100181262,20-Jun-2023 12.55.11,BUY,300,300,01-Jan-0001 00.00.00,13.85,COMPLETE,0,False,SANG0104,SS3POSIIFL,,10016427
344,NF_CSL_STRANGS_REX1, 1881,NFO,NIFTY 22JUN23 18800 CE,MIS,MARKET,1100181463,20-Jun-2023 12.55.13,SELL,150,150,01-Jan-0001 00.00.00,41.3,COMPLETE,0,False,ASDE1950,AD1_IIFL,,10016428
345,NF_CSL_STRANGS_REX1, 1882,NFO,NIFTY 22JUN23 18700 PE,MIS,MARKET,1100181465,20-Jun-2023 12.55.13,SELL,150,150,01-Jan-0001 00.00.00,34.65,COMPLETE,0,False,ASDE1950,AD1_IIFL,,10016429
346,NF_CSL_STRANGS_REX1, 1881,NFO,NIFTY 22JUN23 18800 CE,MIS,MARKET,230620000165788,20-Jun-2023 12.55.13,SELL,300,300,01-Jan-0001 00.00.00,41.34,COMPLETE,0,False,50062865,RKEDEL,,10016431
347,NF_CSL_STRANGS_REX1, 1881,NFO,NIFTY 22JUN23 18800 CE,MIS,MARKET,1100181469,20-Jun-2023 12.55.13,SELL,300,300,01-Jan-0001 00.00.00,41.35,COMPLETE,0,False,SANG0104,SS3POSIIFL,,10016430
348,NF_CSL_STRANGS_REX1, 1883,NFO,NIFTY 22JUN23 18850 CE,MIS,MARKET,1100181470,20-Jun-2023 12.55.13,SELL,150,150,01-Jan-0001 00.00.00,24.55,COMPLETE,0,False,ASDE1950,AD1_IIFL,,10016433
349,NF_CSL_STRANGS_REX1, 1881,NFO,NIFTY 22JUN23 18800 CE,MIS,MARKET,230620000165789,20-Jun-2023 12.55.13,SELL,300,300,01-Jan-0001 00.00.00,41.35,COMPLETE,0,False,50062862,NMEDEL,,10016432
350,NF_CSL_STRANGS_REX1, 1884,NFO,NIFTY 22JUN23 18650 PE,MIS,MARKET,1100181481,20-Jun-2023 12.55.13,SELL,150,150,01-Jan-0001 00.00.00,22,COMPLETE,0,False,ASDE1950,AD1_IIFL,,10016434
351,NF_CSL_STRANGS_REX1, 1882,NFO,NIFTY 22JUN23 18700 PE,MIS,MARKET,1100181475,20-Jun-2023 12.55.13,SELL,300,300,01-Jan-0001 00.00.00,34.6,COMPLETE,0,False,SANG0104,SS3POSIIFL,,10016436
352,NF_CSL_STRANGS_REX1, 1882,NFO,NIFTY 22JUN23 18700 PE,MIS,MARKET,230620000165790,20-Jun-2023 12.55.13,SELL,300,300,01-Jan-0001 00.00.00,34.60,COMPLETE,0,False,50062865,RKEDEL,,10016435
353,NF_CSL_STRANGS_REX1, 1882,NFO,NIFTY 22JUN23 18700 PE,MIS,MARKET,230620000165791,20-Jun-2023 12.55.13,SELL,300,300,01-Jan-0001 00.00.00,34.65,COMPLETE,0,False,50062862,NMEDEL,,10016437
354,NF_CSL_STRANGS_REX1, 1883,NFO,NIFTY 22JUN23 18850 CE,MIS,MARKET,230620000165793,20-Jun-2023 12.55.13,SELL,300,300,01-Jan-0001 00.00.00,24.55,COMPLETE,0,False,50062862,NMEDEL,,10016439
355,NF_CSL_STRANGS_REX1, 1883,NFO,NIFTY 22JUN23 18850 CE,MIS,MARKET,1100181500,20-Jun-2023 12.55.13,SELL,300,300,01-Jan-0001 00.00.00,24.55,COMPLETE,0,False,SANG0104,SS3POSIIFL,,10016438
356,NF_CSL_STRANGS_REX1, 1883,NFO,NIFTY 22JUN23 18850 CE,MIS,MARKET,230620000165792,20-Jun-2023 12.55.13,SELL,300,300,01-Jan-0001 00.00.00,24.55,COMPLETE,0,False,50062865,RKEDEL,,10016440
357,NF_CSL_STRANGS_REX1, 1884,NFO,NIFTY 22JUN23 18650 PE,MIS,MARKET,230620000165797,20-Jun-2023 12.55.13,SELL,300,300,01-Jan-0001 00.00.00,22.05,COMPLETE,0,False,50062865,RKEDEL,,10016443
358,NF_CSL_STRANGS_REX1, 1884,NFO,NIFTY 22JUN23 18650 PE,MIS,MARKET,1100181501,20-Jun-2023 12.55.13,SELL,300,300,01-Jan-0001 00.00.00,22.05,COMPLETE,0,False,SANG0104,SS3POSIIFL,,10016442
359,NF_CSL_STRANGS_REX1, 1884,NFO,NIFTY 22JUN23 18650 PE,MIS,MARKET,230620000165799,20-Jun-2023 12.55.13,SELL,300,300,01-Jan-0001 00.00.00,22.00,COMPLETE,0,False,50062862,NMEDEL,,10016441
360,NF_25PCT_2RE, 1865,NFO,NIFTY 22JUN23 18700 CE,MIS,MARKET,1100190339,20-Jun-2023 13.04.21,BUY,150,150,01-Jan-0001 00.00.00,101.00,COMPLETE,0,False,ASDE1950,AD1_IIFL,,10016444
361,NF_25PCT_2RE, 1865,NFO,NIFTY 22JUN23 18700 CE,MIS,MARKET,230620000171250,20-Jun-2023 13.04.21,BUY,300,300,01-Jan-0001 00.00.00,101.00,COMPLETE,0,False,50062865,RKEDEL,,10016445
362,NF_25PCT_2RE, 1865,NFO,NIFTY 22JUN23 18700 CE,MIS,MARKET,230620000171256,20-Jun-2023 13.04.21,BUY,300,300,01-Jan-0001 00.00.00,100.95,COMPLETE,0,False,50062862,NMEDEL,,10016446
363,NF_25PCT_2RE, 1865,NFO,NIFTY 22JUN23 18700 CE,MIS,MARKET,1100190389,20-Jun-2023 13.04.22,BUY,300,300,01-Jan-0001 00.00.00,100.79,COMPLETE,0,False,SANG0104,SS3POSIIFL,,10016447
364,BNF_25PCT_2RE, 1863,NFO,BANKNIFTY 22JUN23 43500 CE,MIS,MARKET,230620000176576,20-Jun-2023 13.11.01,BUY,150,150,01-Jan-0001 00.00.00,259.97,COMPLETE,0,False,50062865,RKEDEL,,10016448
365,BNF_25PCT_2RE, 1872,NFO,BANKNIFTY 22JUN23 43500 PE,MIS,MARKET,230620000176577,20-Jun-2023 13.11.01,BUY,150,150,01-Jan-0001 00.00.00,115.23,COMPLETE,0,False,50062865,RKEDEL,,10016449
366,BNF_25PCT_2RE, 1863,NFO,BANKNIFTY 22JUN23 43500 CE,MIS,MARKET,230620000176579,20-Jun-2023 13.11.01,BUY,150,150,01-Jan-0001 00.00.00,259.98,COMPLETE,0,False,50062862,NMEDEL,,10016450
367,BNF_25PCT_2RE, 1872,NFO,BANKNIFTY 22JUN23 43500 PE,MIS,MARKET,230620000176578,20-Jun-2023 13.11.01,BUY,150,150,01-Jan-0001 00.00.00,115.25,COMPLETE,0,False,50062862,NMEDEL,,10016451
368,BNF_25PCT_2RE, 1863,NFO,BANKNIFTY 22JUN23 43500 CE,MIS,MARKET,1100203459,20-Jun-2023 13.11.01,BUY,150,150,01-Jan-0001 00.00.00,259.83,COMPLETE,0,False,SANG0104,SS3POSIIFL,,10016452
369,BNF_25PCT_2RE, 1872,NFO,BANKNIFTY 22JUN23 43500 PE,MIS,MARKET,1100203458,20-Jun-2023 13.11.01,BUY,150,150,01-Jan-0001 00.00.00,115.39,COMPLETE,0,False,SANG0104,SS3POSIIFL,,10016453
370,FINNIFTY EXPIRY TRADE, 1868,NFO,FINNIFTY 20JUN23 19300 PE,NRML,MARKET,230620000179279,20-Jun-2023 13.13.27,SELL,800,800,01-Jan-0001 00.00.00,4.45,COMPLETE,0,False,50062865,RKEDEL,,10016454
371,FINNIFTY EXPIRY TRADE, 1868,NFO,FINNIFTY 20JUN23 19300 PE,NRML,MARKET,1200205268,20-Jun-2023 13.13.27,SELL,800,800,01-Jan-0001 00.00.00,4.45,COMPLETE,0,False,SANG0104,SS3POSIIFL,,10016455
372,FINNIFTY EXPIRY TRADE, 1868,NFO,FINNIFTY 20JUN23 19300 PE,NRML,MARKET,1200205269,20-Jun-2023 13.13.27,SELL,400,400,01-Jan-0001 00.00.00,4.45,COMPLETE,0,False,ASDE1950,AD1_IIFL,,10016456
373,NF_CP_2RE, 1861,NFO,NIFTY 22JUN23 18750 CE,MIS,MARKET,230620000186905,20-Jun-2023 13.28.52,BUY,300,300,01-Jan-0001 00.00.00,77.34,COMPLETE,0,False,50062865,RKEDEL,,10016457
374,NF_CP_2RE, 1861,NFO,NIFTY 22JUN23 18750 CE,MIS,MARKET,1100212760,20-Jun-2023 13.28.52,BUY,300,300,01-Jan-0001 00.00.00,76.8,COMPLETE,0,False,SANG0104,SS3POSIIFL,,10016458
375,NF_CP_2RE, 1861,NFO,NIFTY 22JUN23 18750 CE,MIS,MARKET,1100212826,20-Jun-2023 13.28.52,BUY,150,150,01-Jan-0001 00.00.00,77.30,COMPLETE,0,False,ASDE1950,AD1_IIFL,,10016459
376,NF_CP_2RE, 1861,NFO,NIFTY 22JUN23 18750 CE,MIS,MARKET,230620000186907,20-Jun-2023 13.28.52,BUY,300,300,01-Jan-0001 00.00.00,77.35,COMPLETE,0,False,50062862,NMEDEL,,10016460
377,NIFTY CALL CALENDAR, 1875,NFO,NIFTY 22JUN23 18850 CE,NRML,MARKET,1200219190,20-Jun-2023 13.31.30,BUY,500,500,01-Jan-0001 00.00.00,30.85,COMPLETE,0,False,SANG0104,SS3POSIIFL,,10016461
378,NIFTY CALL CALENDAR, 1875,NFO,NIFTY 22JUN23 18850 CE,NRML,MARKET,1200219189,20-Jun-2023 13.31.30,BUY,250,250,01-Jan-0001 00.00.00,30.85,COMPLETE,0,False,ASDE1950,AD1_IIFL,,10016462
379,NIFTY CALL CALENDAR, 1875,NFO,NIFTY 22JUN23 18850 CE,NRML,MARKET,230620000188819,20-Jun-2023 13.31.30,BUY,500,500,01-Jan-0001 00.00.00,30.90,COMPLETE,0,False,50062865,RKEDEL,,10016463
380,FINNIFTY EXPIRY TRADE, 1869,NFO,FINNIFTY 20JUN23 19350 PE,NRML,MARKET,230620000211566,20-Jun-2023 14.18.30,BUY,800,800,01-Jan-0001 00.00.00,5.75,COMPLETE,0,False,50062865,RKEDEL,,10016465
381,FINNIFTY EXPIRY TRADE, 1870,NFO,FINNIFTY 20JUN23 19350 CE,NRML,MARKET,230620000211567,20-Jun-2023 14.18.30,BUY,800,800,01-Jan-0001 00.00.00,57.01,COMPLETE,0,False,50062865,RKEDEL,,10016467
382,FINNIFTY EXPIRY TRADE, 1871,NFO,FINNIFTY 20JUN23 19400 CE,NRML,MARKET,230620000211575,20-Jun-2023 14.18.30,SELL,800,800,01-Jan-0001 00.00.00,22.15,COMPLETE,0,False,50062865,RKEDEL,,10016469
383,FINNIFTY EXPIRY TRADE, 1869,NFO,FINNIFTY 20JUN23 19350 PE,NRML,MARKET,1200238352,20-Jun-2023 14.18.30,BUY,800,800,01-Jan-0001 00.00.00,5.75,COMPLETE,0,False,SANG0104,SS3POSIIFL,,10016466
384,FINNIFTY EXPIRY TRADE, 1870,NFO,FINNIFTY 20JUN23 19350 CE,NRML,MARKET,1200238350,20-Jun-2023 14.18.30,BUY,800,800,01-Jan-0001 00.00.00,56.93,COMPLETE,0,False,SANG0104,SS3POSIIFL,,10016468
385,FINNIFTY EXPIRY TRADE, 1871,NFO,FINNIFTY 20JUN23 19400 CE,NRML,MARKET,1200238356,20-Jun-2023 14.18.30,SELL,800,800,01-Jan-0001 00.00.00,22.05,COMPLETE,0,False,SANG0104,SS3POSIIFL,,10016471
386,FINNIFTY EXPIRY TRADE, 1869,NFO,FINNIFTY 20JUN23 19350 PE,NRML,MARKET,1200238351,20-Jun-2023 14.18.30,BUY,400,400,01-Jan-0001 00.00.00,5.75,COMPLETE,0,False,ASDE1950,AD1_IIFL,,10016464
387,FINNIFTY EXPIRY TRADE, 1870,NFO,FINNIFTY 20JUN23 19350 CE,NRML,MARKET,1200238353,20-Jun-2023 14.18.30,BUY,400,400,01-Jan-0001 00.00.00,56.99,COMPLETE,0,False,ASDE1950,AD1_IIFL,,10016470
388,FINNIFTY EXPIRY TRADE, 1871,NFO,FINNIFTY 20JUN23 19400 CE,NRML,MARKET,1200238355,20-Jun-2023 14.18.30,SELL,400,400,01-Jan-0001 00.00.00,22.15,COMPLETE,0,False,ASDE1950,AD1_IIFL,,10016472
389,BNF_25PCT_2RE, 1863,NFO,BANKNIFTY 22JUN23 43500 CE,MIS,MARKET,1100252969,20-Jun-2023 14.31.53,BUY,75,75,01-Jan-0001 00.00.00,285.60,COMPLETE,0,False,ASDE1950,AD1_IIFL,,10016483
390,FFGG, 1888,NFO,FINNIFTY 20JUN23 19450 CE,NRML,MARKET,202010016489,20-Jun-2023 14.36.35,SELL,40,40,20-Jun-2023 14.36.35,15.4,COMPLETE,0,False,SIM1,SIMULATED1,,10016484
391,FFGG, 1888,NFO,FINNIFTY 20JUN23 19450 CE,NRML,MARKET,230620000224577,20-Jun-2023 14.36.35,SELL,80,80,01-Jan-0001 00.00.00,15.00,COMPLETE,0,False,50062862,NMEDEL,,10016485
392,FFGG, 1889,NFO,FINNIFTY 20JUN23 19450 PE,NRML,MARKET,202010016488,20-Jun-2023 14.36.35,SELL,40,40,20-Jun-2023 14.36.35,16.25,COMPLETE,0,False,SIM1,SIMULATED1,,10016486
393,FFGG, 1889,NFO,FINNIFTY 20JUN23 19450 PE,NRML,MARKET,230620000224576,20-Jun-2023 14.36.35,SELL,80,80,01-Jan-0001 00.00.00,16.35,COMPLETE,0,False,50062862,NMEDEL,,10016487
394,FFGG, 1888,NFO,FINNIFTY 20JUN23 19450 CE,NRML,MARKET,230620000224662,20-Jun-2023 14.36.41,BUY,80,80,01-Jan-0001 00.00.00,14.95,COMPLETE,0,False,50062862,NMEDEL,,10016492
395,FFGG, 1889,NFO,FINNIFTY 20JUN23 19450 PE,NRML,MARKET,230620000224661,20-Jun-2023 14.36.41,BUY,80,80,01-Jan-0001 00.00.00,16.35,COMPLETE,0,False,50062862,NMEDEL,,10016493
396,BNF_25PCT_2RE, 1872,NFO,BANKNIFTY 22JUN23 43500 PE,MIS,MARKET,1100264317,20-Jun-2023 14.45.35,BUY,75,75,01-Jan-0001 00.00.00,111.25,COMPLETE,0,False,ASDE1950,AD1_IIFL,,10016494
397,BNF_CSL_STRANGS, 1853,NFO,BANKNIFTY 22JUN23 43600 CE,MIS,MARKET,230620000234998,20-Jun-2023 14.52.25,BUY,150,150,01-Jan-0001 00.00.00,237.25,COMPLETE,0,False,50062865,RKEDEL,,10016495
398,BNF_CSL_STRANGS, 1854,NFO,BANKNIFTY 22JUN23 43400 PE,MIS,MARKET,230620000235001,20-Jun-2023 14.52.25,BUY,150,150,01-Jan-0001 00.00.00,55.23,COMPLETE,0,False,50062865,RKEDEL,,10016496
399,BNF_CSL_STRANGS, 1855,NFO,BANKNIFTY 22JUN23 43700 CE,MIS,MARKET,230620000235004,20-Jun-2023 14.52.25,BUY,150,150,01-Jan-0001 00.00.00,178.72,COMPLETE,0,False,50062865,RKEDEL,,10016497
400,BNF_CSL_STRANGS, 1856,NFO,BANKNIFTY 22JUN23 43300 PE,MIS,MARKET,230620000235008,20-Jun-2023 14.52.25,BUY,150,150,01-Jan-0001 00.00.00,38.45,COMPLETE,0,False,50062865,RKEDEL,,10016498
401,BNF_CSL_STRANGS, 1853,NFO,BANKNIFTY 22JUN23 43600 CE,MIS,MARKET,230620000234999,20-Jun-2023 14.52.25,BUY,150,150,01-Jan-0001 00.00.00,237.05,COMPLETE,0,False,50062862,NMEDEL,,10016499
402,BNF_CSL_STRANGS, 1854,NFO,BANKNIFTY 22JUN23 43400 PE,MIS,MARKET,230620000235002,20-Jun-2023 14.52.25,BUY,150,150,01-Jan-0001 00.00.00,55.25,COMPLETE,0,False,50062862,NMEDEL,,10016500
403,BNF_CSL_STRANGS, 1855,NFO,BANKNIFTY 22JUN23 43700 CE,MIS,MARKET,230620000235003,20-Jun-2023 14.52.25,BUY,150,150,01-Jan-0001 00.00.00,178.40,COMPLETE,0,False,50062862,NMEDEL,,10016501
404,BNF_CSL_STRANGS, 1856,NFO,BANKNIFTY 22JUN23 43300 PE,MIS,MARKET,230620000235009,20-Jun-2023 14.52.25,BUY,150,150,01-Jan-0001 00.00.00,38.45,COMPLETE,0,False,50062862,NMEDEL,,10016502
405,BNF_CSL_STRANGS, 1853,NFO,BANKNIFTY 22JUN23 43600 CE,MIS,MARKET,1100268851,20-Jun-2023 14.52.25,BUY,75,75,01-Jan-0001 00.00.00,236.75,COMPLETE,0,False,ASDE1950,AD1_IIFL,,10016503
406,BNF_CSL_STRANGS, 1854,NFO,BANKNIFTY 22JUN23 43400 PE,MIS,MARKET,1100268854,20-Jun-2023 14.52.25,BUY,75,75,01-Jan-0001 00.00.00,55.25,COMPLETE,0,False,ASDE1950,AD1_IIFL,,10016504
407,BNF_CSL_STRANGS, 1855,NFO,BANKNIFTY 22JUN23 43700 CE,MIS,MARKET,1100268857,20-Jun-2023 14.52.25,BUY,75,75,01-Jan-0001 00.00.00,178.75,COMPLETE,0,False,ASDE1950,AD1_IIFL,,10016505
408,BNF_CSL_STRANGS, 1856,NFO,BANKNIFTY 22JUN23 43300 PE,MIS,MARKET,1100268858,20-Jun-2023 14.52.25,BUY,75,75,01-Jan-0001 00.00.00,38.45,COMPLETE,0,False,ASDE1950,AD1_IIFL,,10016506
409,BNF_CSL_STRANGS, 1853,NFO,BANKNIFTY 22JUN23 43600 CE,MIS,MARKET,1100268850,20-Jun-2023 14.52.25,BUY,150,150,01-Jan-0001 00.00.00,236.8,COMPLETE,0,False,SANG0104,SS3POSIIFL,,10016507
410,BNF_CSL_STRANGS, 1854,NFO,BANKNIFTY 22JUN23 43400 PE,MIS,MARKET,1100268855,20-Jun-2023 14.52.25,BUY,150,150,01-Jan-0001 00.00.00,55.375,COMPLETE,0,False,SANG0104,SS3POSIIFL,,10016508
411,BNF_CSL_STRANGS, 1855,NFO,BANKNIFTY 22JUN23 43700 CE,MIS,MARKET,1100268859,20-Jun-2023 14.52.25,BUY,150,150,01-Jan-0001 00.00.00,178.93333333333334,COMPLETE,0,False,SANG0104,SS3POSIIFL,,10016509
412,BNF_CSL_STRANGS, 1856,NFO,BANKNIFTY 22JUN23 43300 PE,MIS,MARKET,1100268863,20-Jun-2023 14.52.25,BUY,150,150,01-Jan-0001 00.00.00,38.45,COMPLETE,0,False,SANG0104,SS3POSIIFL,,10016510
413,BNF_CSL_STRANGS_REX1, 1890,NFO,BANKNIFTY 22JUN23 43800 CE,MIS,MARKET,1100269086,20-Jun-2023 14.52.32,SELL,75,75,01-Jan-0001 00.00.00,137.55,COMPLETE,0,False,ASDE1950,AD1_IIFL,,10016511
414,BNF_CSL_STRANGS_REX1, 1890,NFO,BANKNIFTY 22JUN23 43800 CE,MIS,MARKET,230620000235146,20-Jun-2023 14.52.32,SELL,150,150,01-Jan-0001 00.00.00,137.65,COMPLETE,0,False,50062865,RKEDEL,,10016512
415,BNF_CSL_STRANGS_REX1, 1890,NFO,BANKNIFTY 22JUN23 43800 CE,MIS,MARKET,1100269088,20-Jun-2023 14.52.32,SELL,150,150,01-Jan-0001 00.00.00,137.6,COMPLETE,0,False,SANG0104,SS3POSIIFL,,10016514
416,BNF_CSL_STRANGS_REX1, 1890,NFO,BANKNIFTY 22JUN23 43800 CE,MIS,MARKET,230620000235147,20-Jun-2023 14.52.32,SELL,150,150,01-Jan-0001 00.00.00,137.62,COMPLETE,0,False,50062862,NMEDEL,,10016513
417,BNF_CSL_STRANGS_REX1, 1891,NFO,BANKNIFTY 22JUN23 43600 PE,MIS,MARKET,1100269091,20-Jun-2023 14.52.33,SELL,75,75,01-Jan-0001 00.00.00,104.85,COMPLETE,0,False,ASDE1950,AD1_IIFL,,10016515
418,BNF_CSL_STRANGS_REX1, 1891,NFO,BANKNIFTY 22JUN23 43600 PE,MIS,MARKET,230620000235149,20-Jun-2023 14.52.33,SELL,150,150,01-Jan-0001 00.00.00,104.70,COMPLETE,0,False,50062865,RKEDEL,,10016516
419,BNF_CSL_STRANGS_REX1, 1891,NFO,BANKNIFTY 22JUN23 43600 PE,MIS,MARKET,230620000235151,20-Jun-2023 14.52.33,SELL,150,150,01-Jan-0001 00.00.00,104.90,COMPLETE,0,False,50062862,NMEDEL,,10016518
420,BNF_CSL_STRANGS_REX1, 1891,NFO,BANKNIFTY 22JUN23 43600 PE,MIS,MARKET,1100269092,20-Jun-2023 14.52.33,SELL,150,150,01-Jan-0001 00.00.00,104.8,COMPLETE,0,False,SANG0104,SS3POSIIFL,,10016517
421,BNF_CSL_STRANGS_REX1, 1892,NFO,BANKNIFTY 22JUN23 43900 CE,MIS,MARKET,230620000235156,20-Jun-2023 14.52.33,SELL,150,150,01-Jan-0001 00.00.00,99.03,COMPLETE,0,False,50062865,RKEDEL,,10016520
422,BNF_CSL_STRANGS_REX1, 1892,NFO,BANKNIFTY 22JUN23 43900 CE,MIS,MARKET,1100269093,20-Jun-2023 14.52.33,SELL,75,75,01-Jan-0001 00.00.00,99.1,COMPLETE,0,False,ASDE1950,AD1_IIFL,,10016519
423,BNF_CSL_STRANGS_REX1, 1892,NFO,BANKNIFTY 22JUN23 43900 CE,MIS,MARKET,1100269094,20-Jun-2023 14.52.33,SELL,150,150,01-Jan-0001 00.00.00,99.1,COMPLETE,0,False,SANG0104,SS3POSIIFL,,10016521
424,BNF_CSL_STRANGS_REX1, 1892,NFO,BANKNIFTY 22JUN23 43900 CE,MIS,MARKET,230620000235153,20-Jun-2023 14.52.33,SELL,150,150,01-Jan-0001 00.00.00,98.73,COMPLETE,0,False,50062862,NMEDEL,,10016522
425,BNF_CSL_STRANGS_REX1, 1893,NFO,BANKNIFTY 22JUN23 43500 PE,MIS,MARKET,230620000235154,20-Jun-2023 14.52.33,SELL,150,150,01-Jan-0001 00.00.00,74.04,COMPLETE,0,False,50062865,RKEDEL,,10016523
426,BNF_CSL_STRANGS_REX1, 1893,NFO,BANKNIFTY 22JUN23 43500 PE,MIS,MARKET,1100269100,20-Jun-2023 14.52.33,SELL,150,150,01-Jan-0001 00.00.00,74.075,COMPLETE,0,False,SANG0104,SS3POSIIFL,,10016525
427,BNF_CSL_STRANGS_REX1, 1893,NFO,BANKNIFTY 22JUN23 43500 PE,MIS,MARKET,1100269103,20-Jun-2023 14.52.33,SELL,75,75,01-Jan-0001 00.00.00,74.45,COMPLETE,0,False,ASDE1950,AD1_IIFL,,10016524
428,BNF_CSL_STRANGS_REX1, 1893,NFO,BANKNIFTY 22JUN23 43500 PE,MIS,MARKET,230620000235155,20-Jun-2023 14.52.33,SELL,150,150,01-Jan-0001 00.00.00,74.10,COMPLETE,0,False,50062862,NMEDEL,,10016526
429,BNF_CP_2RE, 1859,NFO,BANKNIFTY 22JUN23 43800 CE,MIS,MARKET,230620000235532,20-Jun-2023 14.52.56,BUY,150,150,01-Jan-0001 00.00.00,138.05,COMPLETE,0,False,50062862,NMEDEL,,10016527
430,BNF_CP_2RE, 1859,NFO,BANKNIFTY 22JUN23 43800 CE,MIS,MARKET,230620000235531,20-Jun-2023 14.52.56,BUY,150,150,01-Jan-0001 00.00.00,138.00,COMPLETE,0,False,50062865,RKEDEL,,10016528
431,BNF_CP_2RE, 1859,NFO,BANKNIFTY 22JUN23 43800 CE,MIS,MARKET,1100269588,20-Jun-2023 14.52.56,BUY,150,150,01-Jan-0001 00.00.00,137.84,COMPLETE,0,False,SANG0104,SS3POSIIFL,,10016529
432,BNF_CP_2RE, 1859,NFO,BANKNIFTY 22JUN23 43800 CE,MIS,MARKET,1100269587,20-Jun-2023 14.52.56,BUY,75,75,01-Jan-0001 00.00.00,137.90,COMPLETE,0,False,ASDE1950,AD1_IIFL,,10016530
433,FFGG, 1888,NFO,FINNIFTY 20JUN23 19450 CE,NRML,MARKET,202010016535,20-Jun-2023 14.59.38,BUY,40,40,20-Jun-2023 14.59.38,12.5,COMPLETE,0,False,SIM1,SIMULATED1,,10016531
434,FFGG, 1889,NFO,FINNIFTY 20JUN23 19450 PE,NRML,MARKET,202010016533,20-Jun-2023 14.59.38,BUY,40,40,20-Jun-2023 14.59.38,8.55,COMPLETE,0,False,SIM1,SIMULATED1,,10016532
435,NF_CP_2RE, 1874,NFO,NIFTY 22JUN23 18700 PE,MIS,MARKET,1100284944,20-Jun-2023 15.03.19,BUY,150,150,01-Jan-0001 00.00.00,20.15,COMPLETE,0,False,ASDE1950,AD1_IIFL,,10016537
436,NF_CP_2RE, 1874,NFO,NIFTY 22JUN23 18700 PE,MIS,MARKET,1100285873,20-Jun-2023 15.03.28,BUY,300,300,01-Jan-0001 00.00.00,20.1,COMPLETE,0,False,SANG0104,SS3POSIIFL,,10016538
437,NF_CP_2RE, 1874,NFO,NIFTY 22JUN23 18700 PE,MIS,MARKET,230620000244282,20-Jun-2023 15.03.28,BUY,300,300,01-Jan-0001 00.00.00,20.15,COMPLETE,0,False,50062865,RKEDEL,,10016539
438,NF_CP_2RE, 1874,NFO,NIFTY 22JUN23 18700 PE,MIS,MARKET,230620000244267,20-Jun-2023 15.03.28,BUY,300,300,01-Jan-0001 00.00.00,20.15,COMPLETE,0,False,50062862,NMEDEL,,10016540
439,BNF_CP_2RE, 1873,NFO,BANKNIFTY 22JUN23 43400 PE,MIS,MARKET,230620000246098,20-Jun-2023 15.05.20,BUY,150,150,01-Jan-0001 00.00.00,49.55,COMPLETE,0,False,50062865,RKEDEL,,10016541
440,BNF_CP_2RE, 1873,NFO,BANKNIFTY 22JUN23 43400 PE,MIS,MARKET,230620000246099,20-Jun-2023 15.05.20,BUY,150,150,01-Jan-0001 00.00.00,49.53,COMPLETE,0,False,50062862,NMEDEL,,10016542
441,BNF_CP_2RE, 1873,NFO,BANKNIFTY 22JUN23 43400 PE,MIS,MARKET,1100290031,20-Jun-2023 15.05.20,BUY,150,150,01-Jan-0001 00.00.00,49.3,COMPLETE,0,False,SANG0104,SS3POSIIFL,,10016543
442,BNF_CP_2RE, 1873,NFO,BANKNIFTY 22JUN23 43400 PE,MIS,MARKET,1100290032,20-Jun-2023 15.05.20,BUY,75,75,01-Jan-0001 00.00.00,49.3,COMPLETE,0,False,ASDE1950,AD1_IIFL,,10016544
443,NF_CSL_STRANGS_REX1, 1881,NFO,NIFTY 22JUN23 18800 CE,MIS,MARKET,1100293896,20-Jun-2023 15.08.24,BUY,150,150,01-Jan-0001 00.00.00,61.40,COMPLETE,0,False,ASDE1950,AD1_IIFL,,10016545
444,NF_CSL_STRANGS_REX1, 1882,NFO,NIFTY 22JUN23 18700 PE,MIS,MARKET,1100293897,20-Jun-2023 15.08.24,BUY,150,150,01-Jan-0001 00.00.00,18.25,COMPLETE,0,False,ASDE1950,AD1_IIFL,,10016546
445,NF_CSL_STRANGS_REX1, 1883,NFO,NIFTY 22JUN23 18850 CE,MIS,MARKET,1100293899,20-Jun-2023 15.08.24,BUY,150,150,01-Jan-0001 00.00.00,36.95,COMPLETE,0,False,ASDE1950,AD1_IIFL,,10016547
446,NF_CSL_STRANGS_REX1, 1884,NFO,NIFTY 22JUN23 18650 PE,MIS,MARKET,1100293902,20-Jun-2023 15.08.24,BUY,150,150,01-Jan-0001 00.00.00,11.35,COMPLETE,0,False,ASDE1950,AD1_IIFL,,10016548
447,NF_CSL_STRANGS_REX1, 1881,NFO,NIFTY 22JUN23 18800 CE,MIS,MARKET,230620000248812,20-Jun-2023 15.08.24,BUY,300,300,01-Jan-0001 00.00.00,61.49,COMPLETE,0,False,50062865,RKEDEL,,10016549
448,NF_CSL_STRANGS_REX1, 1882,NFO,NIFTY 22JUN23 18700 PE,MIS,MARKET,230620000248807,20-Jun-2023 15.08.24,BUY,300,300,01-Jan-0001 00.00.00,18.20,COMPLETE,0,False,50062865,RKEDEL,,10016550
449,NF_CSL_STRANGS_REX1, 1883,NFO,NIFTY 22JUN23 18850 CE,MIS,MARKET,230620000248808,20-Jun-2023 15.08.24,BUY,300,300,01-Jan-0001 00.00.00,37.00,COMPLETE,0,False,50062865,RKEDEL,,10016551
450,NF_CSL_STRANGS_REX1, 1884,NFO,NIFTY 22JUN23 18650 PE,MIS,MARKET,230620000248817,20-Jun-2023 15.08.24,BUY,300,300,01-Jan-0001 00.00.00,11.30,COMPLETE,0,False,50062865,RKEDEL,,10016552
451,NF_CSL_STRANGS_REX1, 1881,NFO,NIFTY 22JUN23 18800 CE,MIS,MARKET,1100294029,20-Jun-2023 15.08.32,BUY,300,300,01-Jan-0001 00.00.00,62.78333333333333,COMPLETE,0,False,SANG0104,SS3POSIIFL,,10016553
452,NF_CSL_STRANGS_REX1, 1882,NFO,NIFTY 22JUN23 18700 PE,MIS,MARKET,1100294037,20-Jun-2023 15.08.32,BUY,300,300,01-Jan-0001 00.00.00,18.05,COMPLETE,0,False,SANG0104,SS3POSIIFL,,10016554
453,NF_CSL_STRANGS_REX1, 1883,NFO,NIFTY 22JUN23 18850 CE,MIS,MARKET,1100294041,20-Jun-2023 15.08.32,BUY,300,300,01-Jan-0001 00.00.00,37.9,COMPLETE,0,False,SANG0104,SS3POSIIFL,,10016555
454,NF_CSL_STRANGS_REX1, 1884,NFO,NIFTY 22JUN23 18650 PE,MIS,MARKET,1100294042,20-Jun-2023 15.08.32,BUY,300,300,01-Jan-0001 00.00.00,11.2,COMPLETE,0,False,SANG0104,SS3POSIIFL,,10016556
455,NF_CSL_STRANGS_REX1, 1881,NFO,NIFTY 22JUN23 18800 CE,MIS,MARKET,230620000248949,20-Jun-2023 15.08.32,BUY,300,300,01-Jan-0001 00.00.00,62.70,COMPLETE,0,False,50062862,NMEDEL,,10016557
456,NF_CSL_STRANGS_REX1, 1882,NFO,NIFTY 22JUN23 18700 PE,MIS,MARKET,230620000248951,20-Jun-2023 15.08.32,BUY,300,300,01-Jan-0001 00.00.00,18.05,COMPLETE,0,False,50062862,NMEDEL,,10016558
457,NF_CSL_STRANGS_REX1, 1883,NFO,NIFTY 22JUN23 18850 CE,MIS,MARKET,230620000248961,20-Jun-2023 15.08.32,BUY,300,300,01-Jan-0001 00.00.00,38.03,COMPLETE,0,False,50062862,NMEDEL,,10016559
458,NF_CSL_STRANGS_REX1, 1884,NFO,NIFTY 22JUN23 18650 PE,MIS,MARKET,230620000248964,20-Jun-2023 15.08.32,BUY,300,300,01-Jan-0001 00.00.00,11.20,COMPLETE,0,False,50062862,NMEDEL,,10016560
459,BNF_70PCT, 1857,NFO,BANKNIFTY 22JUN23 43500 CE,MIS,MARKET,1100295646,20-Jun-2023 15.09.11,BUY,150,150,01-Jan-0001 00.00.00,334.6666666666667,COMPLETE,0,False,SANG0104,SS3POSIIFL,,10016562
460,BNF_70PCT, 1858,NFO,BANKNIFTY 22JUN23 43500 PE,MIS,MARKET,1100295645,20-Jun-2023 15.09.11,BUY,150,150,01-Jan-0001 00.00.00,66.75,COMPLETE,0,False,SANG0104,SS3POSIIFL,,10016564
461,BNF_70PCT, 1857,NFO,BANKNIFTY 22JUN23 43500 CE,MIS,MARKET,230620000249592,20-Jun-2023 15.09.11,BUY,150,150,01-Jan-0001 00.00.00,334.74,COMPLETE,0,False,50062865,RKEDEL,,10016565
462,BNF_70PCT, 1858,NFO,BANKNIFTY 22JUN23 43500 PE,MIS,MARKET,230620000249604,20-Jun-2023 15.09.11,BUY,150,150,01-Jan-0001 00.00.00,66.20,COMPLETE,0,False,50062865,RKEDEL,,10016566
463,BNF_70PCT, 1857,NFO,BANKNIFTY 22JUN23 43500 CE,MIS,MARKET,230620000249599,20-Jun-2023 15.09.11,BUY,150,150,01-Jan-0001 00.00.00,335.77,COMPLETE,0,False,50062862,NMEDEL,,10016561
464,BNF_70PCT, 1858,NFO,BANKNIFTY 22JUN23 43500 PE,MIS,MARKET,230620000249598,20-Jun-2023 15.09.11,BUY,150,150,01-Jan-0001 00.00.00,66.45,COMPLETE,0,False,50062862,NMEDEL,,10016567
465,BNF_70PCT, 1857,NFO,BANKNIFTY 22JUN23 43500 CE,MIS,MARKET,1100295647,20-Jun-2023 15.09.11,BUY,75,75,01-Jan-0001 00.00.00,334.8,COMPLETE,0,False,ASDE1950,AD1_IIFL,,10016563
466,BNF_70PCT, 1858,NFO,BANKNIFTY 22JUN23 43500 PE,MIS,MARKET,1100295648,20-Jun-2023 15.09.11,BUY,75,75,01-Jan-0001 00.00.00,66.76666666666667,COMPLETE,0,False,ASDE1950,AD1_IIFL,,10016568
467,NF_70PCT, 1851,NFO,NIFTY 22JUN23 18700 CE,MIS,MARKET,230620000249778,20-Jun-2023 15.09.22,BUY,300,300,01-Jan-0001 00.00.00,137.13,COMPLETE,0,False,50062865,RKEDEL,,10016569
468,NF_70PCT, 1852,NFO,NIFTY 22JUN23 18700 PE,MIS,MARKET,230620000249783,20-Jun-2023 15.09.22,BUY,300,300,01-Jan-0001 00.00.00,17.80,COMPLETE,0,False,50062865,RKEDEL,,10016577
469,NF_70PCT, 1851,NFO,NIFTY 22JUN23 18700 CE,MIS,MARKET,1100296094,20-Jun-2023 15.09.22,BUY,150,150,01-Jan-0001 00.00.00,137,COMPLETE,0,False,ASDE1950,AD1_IIFL,,10016571
470,NF_70PCT, 1852,NFO,NIFTY 22JUN23 18700 PE,MIS,MARKET,1100296093,20-Jun-2023 15.09.22,BUY,150,150,01-Jan-0001 00.00.00,17.85,COMPLETE,0,False,ASDE1950,AD1_IIFL,,10016579
471,NF_70PCT, 1851,NFO,NIFTY 22JUN23 18700 CE,MIS,MARKET,1100296091,20-Jun-2023 15.09.22,BUY,300,300,01-Jan-0001 00.00.00,137,COMPLETE,0,False,SANG0104,SS3POSIIFL,,10016572
472,NF_70PCT, 1852,NFO,NIFTY 22JUN23 18700 PE,MIS,MARKET,1100296092,20-Jun-2023 15.09.22,BUY,300,300,01-Jan-0001 00.00.00,17.816666666666666,COMPLETE,0,False,SANG0104,SS3POSIIFL,,10016580
473,NF_70PCT, 1851,NFO,NIFTY 22JUN23 18700 CE,MIS,MARKET,230620000249780,20-Jun-2023 15.09.22,BUY,300,300,01-Jan-0001 00.00.00,137.15,COMPLETE,0,False,50062862,NMEDEL,,10016576
474,NF_70PCT, 1852,NFO,NIFTY 22JUN23 18700 PE,MIS,MARKET,230620000249779,20-Jun-2023 15.09.22,BUY,300,300,01-Jan-0001 00.00.00,17.80,COMPLETE,0,False,50062862,NMEDEL,,10016584
475,BNF_CSL_STRANGS_REX1, 1890,NFO,BANKNIFTY 22JUN23 43800 CE,MIS,MARKET,230620000249790,20-Jun-2023 15.09.22,BUY,150,150,01-Jan-0001 00.00.00,149.75,COMPLETE,0,False,50062865,RKEDEL,,10016570
476,BNF_CSL_STRANGS_REX1, 1891,NFO,BANKNIFTY 22JUN23 43600 PE,MIS,MARKET,230620000249782,20-Jun-2023 15.09.22,BUY,150,150,01-Jan-0001 00.00.00,93.41,COMPLETE,0,False,50062865,RKEDEL,,10016578
477,BNF_CSL_STRANGS_REX1, 1892,NFO,BANKNIFTY 22JUN23 43900 CE,MIS,MARKET,230620000249786,20-Jun-2023 15.09.22,BUY,150,150,01-Jan-0001 00.00.00,107.66,COMPLETE,0,False,50062865,RKEDEL,,10016585
478,BNF_CSL_STRANGS_REX1, 1893,NFO,BANKNIFTY 22JUN23 43500 PE,MIS,MARKET,230620000249789,20-Jun-2023 15.09.22,BUY,150,150,01-Jan-0001 00.00.00,66.30,COMPLETE,0,False,50062865,RKEDEL,,10016589
479,BNF_CSL_STRANGS_REX1, 1890,NFO,BANKNIFTY 22JUN23 43800 CE,MIS,MARKET,230620000249792,20-Jun-2023 15.09.22,BUY,150,150,01-Jan-0001 00.00.00,149.60,COMPLETE,0,False,50062862,NMEDEL,,10016573
480,BNF_CSL_STRANGS_REX1, 1891,NFO,BANKNIFTY 22JUN23 43600 PE,MIS,MARKET,230620000249794,20-Jun-2023 15.09.22,BUY,150,150,01-Jan-0001 00.00.00,93.24,COMPLETE,0,False,50062862,NMEDEL,,10016581
481,BNF_CSL_STRANGS_REX1, 1892,NFO,BANKNIFTY 22JUN23 43900 CE,MIS,MARKET,230620000249788,20-Jun-2023 15.09.22,BUY,150,150,01-Jan-0001 00.00.00,107.71,COMPLETE,0,False,50062862,NMEDEL,,10016586
482,BNF_CSL_STRANGS_REX1, 1893,NFO,BANKNIFTY 22JUN23 43500 PE,MIS,MARKET,230620000249791,20-Jun-2023 15.09.22,BUY,150,150,01-Jan-0001 00.00.00,66.63,COMPLETE,0,False,50062862,NMEDEL,,10016590
483,BNF_CSL_STRANGS_REX1, 1890,NFO,BANKNIFTY 22JUN23 43800 CE,MIS,MARKET,1100296096,20-Jun-2023 15.09.22,BUY,150,150,01-Jan-0001 00.00.00,149.475,COMPLETE,0,False,SANG0104,SS3POSIIFL,,10016575
484,BNF_CSL_STRANGS_REX1, 1891,NFO,BANKNIFTY 22JUN23 43600 PE,MIS,MARKET,1100296102,20-Jun-2023 15.09.22,BUY,150,150,01-Jan-0001 00.00.00,93.4,COMPLETE,0,False,SANG0104,SS3POSIIFL,,10016583
485,BNF_CSL_STRANGS_REX1, 1892,NFO,BANKNIFTY 22JUN23 43900 CE,MIS,MARKET,1100296114,20-Jun-2023 15.09.22,BUY,150,150,01-Jan-0001 00.00.00,107.775,COMPLETE,0,False,SANG0104,SS3POSIIFL,,10016588
486,BNF_CSL_STRANGS_REX1, 1893,NFO,BANKNIFTY 22JUN23 43500 PE,MIS,MARKET,1100296120,20-Jun-2023 15.09.22,BUY,150,150,01-Jan-0001 00.00.00,66.2,COMPLETE,0,False,SANG0104,SS3POSIIFL,,10016591
487,BNF_CSL_STRANGS_REX1, 1890,NFO,BANKNIFTY 22JUN23 43800 CE,MIS,MARKET,1100296095,20-Jun-2023 15.09.22,BUY,75,75,01-Jan-0001 00.00.00,149.4,COMPLETE,0,False,ASDE1950,AD1_IIFL,,10016574
488,BNF_CSL_STRANGS_REX1, 1891,NFO,BANKNIFTY 22JUN23 43600 PE,MIS,MARKET,1100296097,20-Jun-2023 15.09.22,BUY,75,75,01-Jan-0001 00.00.00,93.45,COMPLETE,0,False,ASDE1950,AD1_IIFL,,10016582
489,BNF_CSL_STRANGS_REX1, 1892,NFO,BANKNIFTY 22JUN23 43900 CE,MIS,MARKET,1100296104,20-Jun-2023 15.09.22,BUY,75,75,01-Jan-0001 00.00.00,107.65,COMPLETE,0,False,ASDE1950,AD1_IIFL,,10016587
490,BNF_CSL_STRANGS_REX1, 1893,NFO,BANKNIFTY 22JUN23 43500 PE,MIS,MARKET,1100296118,20-Jun-2023 15.09.22,BUY,75,75,01-Jan-0001 00.00.00,66.7,COMPLETE,0,False,ASDE1950,AD1_IIFL,,10016592
491,NF_25PCT_2RE, 1867,NFO,NIFTY 22JUN23 18700 PE,MIS,MARKET,230620000249994,20-Jun-2023 15.09.34,BUY,300,300,01-Jan-0001 00.00.00,18.00,COMPLETE,0,False,50062865,RKEDEL,,10016593
492,NF_25PCT_2RE, 1867,NFO,NIFTY 22JUN23 18700 PE,MIS,MARKET,1100296202,20-Jun-2023 15.09.34,BUY,300,300,01-Jan-0001 00.00.00,18,COMPLETE,0,False,SANG0104,SS3POSIIFL,,10016596
493,NF_25PCT_2RE, 1867,NFO,NIFTY 22JUN23 18700 PE,MIS,MARKET,230620000249987,20-Jun-2023 15.09.34,BUY,300,300,01-Jan-0001 00.00.00,18.00,COMPLETE,0,False,50062862,NMEDEL,,10016594
494,NF_25PCT_2RE, 1867,NFO,NIFTY 22JUN23 18700 PE,MIS,MARKET,1100296203,20-Jun-2023 15.09.34,BUY,150,150,01-Jan-0001 00.00.00,18,COMPLETE,0,False,ASDE1950,AD1_IIFL,,10016595
